<?xml version="1.0" encoding="UTF-8"?>
<Report xmlns="http://schemas.microsoft.com/sqlserver/reporting/2005/01/reportdefinition" xmlns:rd="http://schemas.microsoft.com/SQLServer/reporting/reportdesigner">
  <Description>
  </Description>
  <Author>
  </Author>
  <PageHeight>11in</PageHeight>
  <PageWidth>8.5in</PageWidth>
  <Width>7.5in</Width>
  <TopMargin>.25in</TopMargin>
  <LeftMargin>.25in</LeftMargin>
  <RightMargin>.25in</RightMargin>
  <BottomMargin>.25in</BottomMargin>
  <DataSets>
    <DataSet Name="Data">
      <Query>
        <DataSourceName>DS1</DataSourceName>
        <CommandText></CommandText>
      </Query>
      <Fields>
        <Field Name="user">
          <DataField>user</DataField>
          <rd:TypeName>System.Int32</rd:TypeName>
        </Field>
        <Field Name="code">
          <DataField>code</DataField>
          <rd:TypeName>System.String</rd:TypeName>
        </Field>
        <Field Name="PATRON">
          <DataField>PATRON</DataField>
          <rd:TypeName>System.String</rd:TypeName>
        </Field>
        <Field Name="CINEMA">
          <DataField>CINEMA</DataField>
          <rd:TypeName>System.String</rd:TypeName>
        </Field>
        <Field Name="PRICE">
          <DataField>PRICE</DataField>
          <rd:TypeName>System.Single</rd:TypeName>
        </Field>
        <Field Name="QTY">
          <DataField>QTY</DataField>
          <rd:TypeName>System.Int64</rd:TypeName>
        </Field>
        <Field Name="TOTALSALES">
          <DataField>TOTALSALES</DataField>
          <rd:TypeName>System.Double</rd:TypeName>
        </Field>
        <Field Name="TOTALORDINANCE">
          <DataField>TOTALORDINANCE</DataField>
          <rd:TypeName>System.Double</rd:TypeName>
        </Field>
        <Field Name="TOTALSURCHARGE">
          <DataField>TOTALSURCHARGE</DataField>
          <rd:TypeName>System.Double</rd:TypeName>
        </Field>
        <Field Name="GRANDTOTAL">
          <DataField>GRANDTOTAL</DataField>
          <rd:TypeName>System.Double</rd:TypeName>
        </Field>
        <Field Name="movie_date">
          <DataField>movie_date</DataField>
          <rd:TypeName>System.DateTime</rd:TypeName>
        </Field>
        <Field Name="ticket_datetime">
          <DataField>ticket_datetime</DataField>
          <rd:TypeName>System.DateTime</rd:TypeName>
        </Field>
        <Field Name="userid">
          <DataField>userid</DataField>
          <rd:TypeName>System.String</rd:TypeName>
        </Field>
        <Field Name="system_value">
          <DataField>system_value</DataField>
          <rd:TypeName>System.String</rd:TypeName>
        </Field>
        <Field Name="reportname">
          <DataField>reportname</DataField>
          <rd:TypeName>System.String</rd:TypeName>
        </Field>
        <Field Name="FOOD">
          <DataField>FOOD</DataField>
          <rd:TypeName>System.Double</rd:TypeName>
        </Field>
      </Fields>
    </DataSet>
  </DataSets>
  <PageHeader>
    <Height>12.4pt</Height>
    <PrintOnFirstPage>true</PrintOnFirstPage>
    <PrintOnLastPage>true</PrintOnLastPage>
  </PageHeader>
  <Body>
    <Height>343.4pt</Height>
    <ReportItems>
      <List Name="List1">
        <Height>288.94pt</Height>
        <Width>610.59pt</Width>
        <Left>5.30pt</Left>
        <Top>41.20pt</Top>
        <Style>
          <BorderStyle />
          <BorderColor />
          <BorderWidth />
        </Style>
        <DataSetName>Data</DataSetName>
        <ReportItems>
          <Textbox Name="Textbox29">
            <Height>18.03pt</Height>
            <Width>221.31pt</Width>
            <Value>TICKET SELLER: ____________________</Value>
            <Left>11.9pt</Left>
            <Top>127.2pt</Top>
            <Style>
              <BorderStyle />
              <BorderColor />
              <BorderWidth />
              <FontWeight>Bold</FontWeight>
              <FontSize>8pt</FontSize>
              <VerticalAlign>Bottom</VerticalAlign>
            </Style>
          </Textbox>
          <Textbox Name="Textbox30">
            <Height>20.26pt</Height>
            <Width>221.37pt</Width>
            <Value>MANAGER: _________________________</Value>
            <Left>11.2pt</Left>
            <Top>148.9pt</Top>
            <Style>
              <BorderStyle />
              <BorderColor />
              <BorderWidth />
              <FontWeight>Bold</FontWeight>
              <FontSize>8pt</FontSize>
              <VerticalAlign>Bottom</VerticalAlign>
            </Style>
          </Textbox>
          <Textbox Name="Textbox31">
            <Height>18.78pt</Height>
            <Width>224.36pt</Width>
            <Value>CHECKED BY: ______________________</Value>
            <Left>10.9pt</Left>
            <Top>174.3pt</Top>
            <Style>
              <BorderStyle />
              <BorderColor />
              <BorderWidth />
              <FontWeight>Bold</FontWeight>
              <FontSize>8pt</FontSize>
              <VerticalAlign>Bottom</VerticalAlign>
            </Style>
          </Textbox>
          <Table Name="Table1">
            <DataSetName>Data</DataSetName>
            <NoRows>Query returned no rows!</NoRows>
            <Style>
              <BorderStyle>
                <Default>Solid</Default>
              </BorderStyle>
              <BorderColor />
              <BorderWidth />
            </Style>
            <TableColumns>
              <TableColumn>
                <Width>65.8pt</Width>
              </TableColumn>
              <TableColumn>
                <Width>91.7pt</Width>
              </TableColumn>
              <TableColumn>
                <Width>46.4pt</Width>
              </TableColumn>
              <TableColumn>
                <Width>38.5pt</Width>
              </TableColumn>
              <TableColumn>
                <Width>28.2pt</Width>
              </TableColumn>
              <TableColumn>
                <Width>53.5pt</Width>
              </TableColumn>
              <TableColumn>
                <Width>54.3pt</Width>
              </TableColumn>
              <TableColumn>
                <Width>53.2pt</Width>
              </TableColumn>
              <TableColumn>
                <Width>57.2pt</Width>
              </TableColumn>
              <TableColumn>
                <Width>64.3pt</Width>
              </TableColumn>
            </TableColumns>
            <Header>
              <TableRows>
                <TableRow>
                  <Height>16.2pt</Height>
                  <TableCells>
                    <TableCell>
                      <ReportItems>
                        <Textbox Name="Textbox101">
                          <Value>=Fields!userid.Value</Value>
                          <Style>
                            <TextAlign>Left</TextAlign>
                            <BorderStyle>
                              <Default>None</Default>
                              <Left>None</Left>
                              <Right>None</Right>
                              <Top>None</Top>
                              <Bottom>None</Bottom>
                            </BorderStyle>
                            <FontWeight>Bold</FontWeight>
                            <BorderColor />
                            <BorderWidth />
                            <FontSize>9pt</FontSize>
                            <VerticalAlign>Bottom</VerticalAlign>
                          </Style>
                        </Textbox>
                      </ReportItems>
                      <ColSpan>1</ColSpan>
                    </TableCell>
                    <TableCell>
                      <ReportItems>
                        <Textbox Name="Textbox23">
                          <Value>
                          </Value>
                          <Style xmlns="http://schemas.microsoft.com/sqlserver/reporting/2005/01/reportdefinition">
                            <TextAlign>Left</TextAlign>
                            <BorderStyle>
                              <Default>None</Default>
                              <Left>None</Left>
                              <Right>None</Right>
                              <Top>None</Top>
                              <Bottom>None</Bottom>
                            </BorderStyle>
                            <FontWeight>Bold</FontWeight>
                            <BorderColor />
                            <BorderWidth />
                            <FontSize>9pt</FontSize>
                            <VerticalAlign>Bottom</VerticalAlign>
                          </Style>
                        </Textbox>
                      </ReportItems>
                    </TableCell>
                    <TableCell>
                      <ReportItems>
                        <Textbox Name="Textbox13">
                          <Value>
                          </Value>
                          <Style xmlns="http://schemas.microsoft.com/sqlserver/reporting/2005/01/reportdefinition">
                            <TextAlign>Left</TextAlign>
                            <BorderStyle>
                              <Default>None</Default>
                              <Left>None</Left>
                              <Right>None</Right>
                              <Top>None</Top>
                              <Bottom>None</Bottom>
                            </BorderStyle>
                            <FontWeight>Bold</FontWeight>
                            <BorderColor />
                            <BorderWidth />
                            <FontSize>9pt</FontSize>
                            <VerticalAlign>Bottom</VerticalAlign>
                          </Style>
                        </Textbox>
                      </ReportItems>
                    </TableCell>
                    <TableCell>
                      <ReportItems>
                        <Textbox Name="Textbox12">
                          <Value>
                          </Value>
                          <Style xmlns="http://schemas.microsoft.com/sqlserver/reporting/2005/01/reportdefinition">
                            <TextAlign>Left</TextAlign>
                            <BorderStyle>
                              <Default>None</Default>
                              <Left>None</Left>
                              <Right>None</Right>
                              <Top>None</Top>
                              <Bottom>None</Bottom>
                            </BorderStyle>
                            <FontWeight>Bold</FontWeight>
                            <BorderColor />
                            <BorderWidth />
                            <FontSize>9pt</FontSize>
                            <VerticalAlign>Bottom</VerticalAlign>
                          </Style>
                        </Textbox>
                      </ReportItems>
                    </TableCell>
                    <TableCell>
                      <ReportItems>
                        <Textbox Name="Textbox11">
                          <Value>
                          </Value>
                          <Style xmlns="http://schemas.microsoft.com/sqlserver/reporting/2005/01/reportdefinition">
                            <TextAlign>Left</TextAlign>
                            <BorderStyle>
                              <Default>None</Default>
                              <Left>None</Left>
                              <Right>None</Right>
                              <Top>None</Top>
                              <Bottom>None</Bottom>
                            </BorderStyle>
                            <FontWeight>Bold</FontWeight>
                            <BorderColor />
                            <BorderWidth />
                            <FontSize>9pt</FontSize>
                            <VerticalAlign>Bottom</VerticalAlign>
                          </Style>
                        </Textbox>
                      </ReportItems>
                    </TableCell>
                    <TableCell>
                      <ReportItems>
                        <Textbox Name="Textbox10">
                          <Value>
                          </Value>
                          <Style xmlns="http://schemas.microsoft.com/sqlserver/reporting/2005/01/reportdefinition">
                            <TextAlign>Left</TextAlign>
                            <BorderStyle>
                              <Default>None</Default>
                              <Left>None</Left>
                              <Right>None</Right>
                              <Top>None</Top>
                              <Bottom>None</Bottom>
                            </BorderStyle>
                            <FontWeight>Bold</FontWeight>
                            <BorderColor />
                            <BorderWidth />
                            <FontSize>9pt</FontSize>
                            <VerticalAlign>Bottom</VerticalAlign>
                          </Style>
                        </Textbox>
                      </ReportItems>
                    </TableCell>
                    <TableCell>
                      <ReportItems>
                        <Textbox Name="Textbox9">
                          <Value>
                          </Value>
                          <Style xmlns="http://schemas.microsoft.com/sqlserver/reporting/2005/01/reportdefinition">
                            <TextAlign>Left</TextAlign>
                            <BorderStyle>
                              <Default>None</Default>
                              <Left>None</Left>
                              <Right>None</Right>
                              <Top>None</Top>
                              <Bottom>None</Bottom>
                            </BorderStyle>
                            <FontWeight>Bold</FontWeight>
                            <BorderColor />
                            <BorderWidth />
                            <FontSize>9pt</FontSize>
                            <VerticalAlign>Bottom</VerticalAlign>
                          </Style>
                        </Textbox>
                      </ReportItems>
                    </TableCell>
                    <TableCell>
                      <ReportItems>
                        <Textbox Name="Textbox35">
                          <Value>
                          </Value>
                          <Style xmlns="http://schemas.microsoft.com/sqlserver/reporting/2005/01/reportdefinition">
                            <TextAlign>Left</TextAlign>
                            <BorderStyle>
                              <Default>None</Default>
                              <Left>None</Left>
                              <Right>None</Right>
                              <Top>None</Top>
                              <Bottom>None</Bottom>
                            </BorderStyle>
                            <FontWeight>Bold</FontWeight>
                            <BorderColor />
                            <BorderWidth />
                            <FontSize>9pt</FontSize>
                            <VerticalAlign>Bottom</VerticalAlign>
                          </Style>
                        </Textbox>
                      </ReportItems>
                    </TableCell>
                    <TableCell>
                      <ReportItems>
                        <Textbox Name="Textbox8">
                          <Value>
                          </Value>
                          <Style xmlns="http://schemas.microsoft.com/sqlserver/reporting/2005/01/reportdefinition">
                            <TextAlign>Left</TextAlign>
                            <BorderStyle>
                              <Default>None</Default>
                              <Left>None</Left>
                              <Right>None</Right>
                              <Top>None</Top>
                              <Bottom>None</Bottom>
                            </BorderStyle>
                            <FontWeight>Bold</FontWeight>
                            <BorderColor />
                            <BorderWidth />
                            <FontSize>9pt</FontSize>
                            <VerticalAlign>Bottom</VerticalAlign>
                          </Style>
                        </Textbox>
                      </ReportItems>
                    </TableCell>
                    <TableCell>
                      <ReportItems>
                        <Textbox Name="Textbox7">
                          <Value>
                          </Value>
                          <Style xmlns="http://schemas.microsoft.com/sqlserver/reporting/2005/01/reportdefinition">
                            <TextAlign>Left</TextAlign>
                            <BorderStyle>
                              <Default>None</Default>
                              <Left>None</Left>
                              <Right>None</Right>
                              <Top>None</Top>
                              <Bottom>None</Bottom>
                            </BorderStyle>
                            <FontWeight>Bold</FontWeight>
                            <BorderColor />
                            <BorderWidth />
                            <FontSize>9pt</FontSize>
                            <VerticalAlign>Bottom</VerticalAlign>
                          </Style>
                        </Textbox>
                      </ReportItems>
                    </TableCell>
                  </TableCells>
                </TableRow>
              </TableRows>
              <RepeatOnNewPage>true</RepeatOnNewPage>
            </Header>
            <Details>
              <TableRows>
                <TableRow>
                  <Height>13.5pt</Height>
                  <TableCells>
                    <TableCell>
                      <ReportItems>
                        <Textbox Name="Textbox46">
                          <Value>=Fields!code.Value</Value>
                          <CanGrow>true</CanGrow>
                          <Style>
                            <BorderStyle>
                              <Default>Solid</Default>
                              <Left>None</Left>
                              <Right>None</Right>
                              <Top>None</Top>
                              <Bottom>None</Bottom>
                            </BorderStyle>
                            <BorderColor>
                              <Default>Lightgrey</Default>
                              <Left>Lightgrey</Left>
                              <Right>Lightgrey</Right>
                              <Top>Lightgrey</Top>
                              <Bottom>Lightgrey</Bottom>
                            </BorderColor>
                            <BorderWidth />
                            <FontSize>10pt</FontSize>
                            <VerticalAlign>Middle</VerticalAlign>
                            <FontFamily>Arial Narrow</FontFamily>
                          </Style>
                        </Textbox>
                      </ReportItems>
                    </TableCell>
                    <TableCell>
                      <ReportItems>
                        <Textbox Name="Textbox47">
                          <Value>=Fields!PATRON.Value</Value>
                          <CanGrow>true</CanGrow>
                          <Style>
                            <BorderStyle>
                              <Default>Solid</Default>
                              <Left>None</Left>
                              <Right>None</Right>
                              <Top>None</Top>
                              <Bottom>None</Bottom>
                            </BorderStyle>
                            <BorderColor>
                              <Default>Lightgrey</Default>
                              <Left>Lightgrey</Left>
                              <Right>Lightgrey</Right>
                              <Top>Lightgrey</Top>
                              <Bottom>Lightgrey</Bottom>
                            </BorderColor>
                            <BorderWidth />
                            <FontSize>10pt</FontSize>
                            <VerticalAlign>Middle</VerticalAlign>
                            <FontFamily>Arial Narrow</FontFamily>
                          </Style>
                        </Textbox>
                      </ReportItems>
                    </TableCell>
                    <TableCell>
                      <ReportItems>
                        <Textbox Name="Textbox48">
                          <Value>=Fields!CINEMA.Value</Value>
                          <CanGrow>true</CanGrow>
                          <Style>
                            <BorderStyle>
                              <Default>Solid</Default>
                              <Left>None</Left>
                              <Right>None</Right>
                              <Top>None</Top>
                              <Bottom>None</Bottom>
                            </BorderStyle>
                            <BorderColor>
                              <Default>Lightgrey</Default>
                              <Left>Lightgrey</Left>
                              <Right>Lightgrey</Right>
                              <Top>Lightgrey</Top>
                              <Bottom>Lightgrey</Bottom>
                            </BorderColor>
                            <BorderWidth />
                            <FontSize>10pt</FontSize>
                            <TextAlign>Center</TextAlign>
                            <VerticalAlign>Middle</VerticalAlign>
                            <FontFamily>Arial Narrow</FontFamily>
                          </Style>
                        </Textbox>
                      </ReportItems>
                    </TableCell>
                    <TableCell>
                      <ReportItems>
                        <Textbox Name="Textbox49">
                          <Value>=Fields!PRICE.Value</Value>
                          <CanGrow>true</CanGrow>
                          <Style>
                            <BorderStyle>
                              <Default>Solid</Default>
                              <Left>None</Left>
                              <Right>None</Right>
                              <Top>None</Top>
                              <Bottom>None</Bottom>
                            </BorderStyle>
                            <BorderColor>
                              <Default>Lightgrey</Default>
                              <Left>Lightgrey</Left>
                              <Right>Lightgrey</Right>
                              <Top>Lightgrey</Top>
                              <Bottom>Lightgrey</Bottom>
                            </BorderColor>
                            <BorderWidth />
                            <FontSize>9pt</FontSize>
                            <TextAlign>Right</TextAlign>
                            <Format>#,##0.00</Format>
                            <VerticalAlign>Middle</VerticalAlign>
                          </Style>
                        </Textbox>
                      </ReportItems>
                    </TableCell>
                    <TableCell>
                      <ReportItems>
                        <Textbox Name="Textbox50">
                          <Value>=Fields!QTY.Value</Value>
                          <CanGrow>true</CanGrow>
                          <Style>
                            <BorderStyle>
                              <Default>Solid</Default>
                              <Left>None</Left>
                              <Right>None</Right>
                              <Top>None</Top>
                              <Bottom>None</Bottom>
                            </BorderStyle>
                            <BorderColor>
                              <Default>Lightgrey</Default>
                              <Left>Lightgrey</Left>
                              <Right>Lightgrey</Right>
                              <Top>Lightgrey</Top>
                              <Bottom>Lightgrey</Bottom>
                            </BorderColor>
                            <BorderWidth />
                            <Format>#,##0</Format>
                            <FontSize>9pt</FontSize>
                            <TextAlign>Right</TextAlign>
                            <VerticalAlign>Middle</VerticalAlign>
                            <PaddingRight>2pt</PaddingRight>
                          </Style>
                        </Textbox>
                      </ReportItems>
                    </TableCell>
                    <TableCell>
                      <ReportItems>
                        <Textbox Name="Textbox51">
                          <Value>=Fields!TOTALSALES.Value</Value>
                          <CanGrow>true</CanGrow>
                          <Style>
                            <BorderStyle>
                              <Default>Solid</Default>
                              <Left>None</Left>
                              <Right>None</Right>
                              <Top>None</Top>
                              <Bottom>None</Bottom>
                            </BorderStyle>
                            <Format>#,##0.00</Format>
                            <BorderColor>
                              <Default>Lightgrey</Default>
                              <Left>Lightgrey</Left>
                              <Right>Lightgrey</Right>
                              <Top>Lightgrey</Top>
                              <Bottom>Lightgrey</Bottom>
                            </BorderColor>
                            <BorderWidth />
                            <FontSize>9pt</FontSize>
                            <TextAlign>Right</TextAlign>
                            <VerticalAlign>Middle</VerticalAlign>
                            <PaddingRight>2pt</PaddingRight>
                          </Style>
                        </Textbox>
                      </ReportItems>
                    </TableCell>
                    <TableCell>
                      <ReportItems>
                        <Textbox Name="Textbox52">
                          <Value>=Fields!TOTALORDINANCE.Value</Value>
                          <CanGrow>true</CanGrow>
                          <Style>
                            <BorderStyle>
                              <Default>Solid</Default>
                              <Left>None</Left>
                              <Right>None</Right>
                              <Top>None</Top>
                              <Bottom>None</Bottom>
                            </BorderStyle>
                            <Format>#,##0.00</Format>
                            <BorderColor>
                              <Default>Lightgrey</Default>
                              <Left>Lightgrey</Left>
                              <Right>Lightgrey</Right>
                              <Top>Lightgrey</Top>
                              <Bottom>Lightgrey</Bottom>
                            </BorderColor>
                            <BorderWidth />
                            <FontSize>9pt</FontSize>
                            <TextAlign>Right</TextAlign>
                            <VerticalAlign>Middle</VerticalAlign>
                            <PaddingRight>2pt</PaddingRight>
                          </Style>
                        </Textbox>
                      </ReportItems>
                    </TableCell>
                    <TableCell>
                      <ReportItems>
                        <Textbox Name="Textbox36">
                          <Value>=Fields!FOOD.Value</Value>
                          <Style xmlns="http://schemas.microsoft.com/sqlserver/reporting/2005/01/reportdefinition">
                            <BorderStyle>
                              <Default>Solid</Default>
                              <Left>None</Left>
                              <Right>None</Right>
                              <Top>None</Top>
                              <Bottom>None</Bottom>
                            </BorderStyle>
                            <Format>#,##0.00</Format>
                            <BorderColor>
                              <Default>Lightgrey</Default>
                              <Left>Lightgrey</Left>
                              <Right>Lightgrey</Right>
                              <Top>Lightgrey</Top>
                              <Bottom>Lightgrey</Bottom>
                            </BorderColor>
                            <BorderWidth />
                            <FontSize>9pt</FontSize>
                            <TextAlign>Right</TextAlign>
                            <VerticalAlign>Middle</VerticalAlign>
                            <PaddingRight>2pt</PaddingRight>
                          </Style>
                        </Textbox>
                      </ReportItems>
                    </TableCell>
                    <TableCell>
                      <ReportItems>
                        <Textbox Name="Textbox53">
                          <Value>=Fields!TOTALSURCHARGE.Value - Fields!FOOD.Value</Value>
                          <CanGrow>true</CanGrow>
                          <Style>
                            <BorderStyle>
                              <Default>Solid</Default>
                              <Left>None</Left>
                              <Right>None</Right>
                              <Top>None</Top>
                              <Bottom>None</Bottom>
                            </BorderStyle>
                            <Format>#,##0.00</Format>
                            <BorderColor>
                              <Default>Lightgrey</Default>
                              <Left>Lightgrey</Left>
                              <Right>Lightgrey</Right>
                              <Top>Lightgrey</Top>
                              <Bottom>Lightgrey</Bottom>
                            </BorderColor>
                            <BorderWidth />
                            <FontSize>9pt</FontSize>
                            <TextAlign>Right</TextAlign>
                            <VerticalAlign>Middle</VerticalAlign>
                            <PaddingRight>2pt</PaddingRight>
                          </Style>
                        </Textbox>
                      </ReportItems>
                    </TableCell>
                    <TableCell>
                      <ReportItems>
                        <Textbox Name="Textbox54">
                          <Value>=Fields!GRANDTOTAL.Value</Value>
                          <CanGrow>true</CanGrow>
                          <Style>
                            <BorderStyle>
                              <Default>Solid</Default>
                              <Left>None</Left>
                              <Right>None</Right>
                              <Top>None</Top>
                              <Bottom>None</Bottom>
                            </BorderStyle>
                            <Format>#,##0.00</Format>
                            <BorderColor>
                              <Default>Lightgrey</Default>
                              <Left>Lightgrey</Left>
                              <Right>Lightgrey</Right>
                              <Top>Lightgrey</Top>
                              <Bottom>Lightgrey</Bottom>
                            </BorderColor>
                            <BorderWidth />
                            <FontSize>9pt</FontSize>
                            <TextAlign>Right</TextAlign>
                            <VerticalAlign>Middle</VerticalAlign>
                            <PaddingRight>2pt</PaddingRight>
                          </Style>
                        </Textbox>
                      </ReportItems>
                    </TableCell>
                  </TableCells>
                </TableRow>
              </TableRows>
            </Details>
            <Footer>
              <TableRows>
                <TableRow>
                  <Height>21.5pt</Height>
                  <TableCells>
                    <TableCell>
                      <ReportItems>
                        <Textbox Name="Textbox57">
                          <Value>GRAND TOTAL</Value>
                          <CanGrow>true</CanGrow>
                          <Style>
                            <BorderStyle>
                              <Default>None</Default>
                              <Left>None</Left>
                              <Right>None</Right>
                              <Top>None</Top>
                              <Bottom>None</Bottom>
                            </BorderStyle>
                            <BorderColor>
                              <Default>Lightgrey</Default>
                              <Left>Lightgrey</Left>
                              <Right>Lightgrey</Right>
                              <Top>Lightgrey</Top>
                              <Bottom>Lightgrey</Bottom>
                            </BorderColor>
                            <BorderWidth />
                            <TextAlign>Right</TextAlign>
                            <VerticalAlign>Bottom</VerticalAlign>
                            <PaddingRight>10pt</PaddingRight>
                            <FontSize>9pt</FontSize>
                            <FontWeight>Bold</FontWeight>
                          </Style>
                        </Textbox>
                      </ReportItems>
                      <ColSpan>4</ColSpan>
                    </TableCell>
                    <TableCell>
                      <ReportItems>
                        <Textbox Name="Textbox61">
                          <Value>=Sum(Fields!QTY.Value)</Value>
                          <CanGrow>true</CanGrow>
                          <Style>
                            <BorderStyle>
                              <Default>Solid</Default>
                              <Left>None</Left>
                              <Right>None</Right>
                              <Top>None</Top>
                            </BorderStyle>
                            <VerticalAlign>Bottom</VerticalAlign>
                            <BorderColor>
                              <Default>Lightgrey</Default>
                              <Left>Lightgrey</Left>
                              <Right>Lightgrey</Right>
                              <Top>Lightgrey</Top>
                              <Bottom>Lightgrey</Bottom>
                            </BorderColor>
                            <BorderWidth>
                              <Bottom>2pt</Bottom>
                            </BorderWidth>
                            <Format>#,##0</Format>
                            <FontSize>9pt</FontSize>
                            <TextAlign>Right</TextAlign>
                            <PaddingRight>2pt</PaddingRight>
                            <FontWeight>Bold</FontWeight>
                          </Style>
                        </Textbox>
                      </ReportItems>
                    </TableCell>
                    <TableCell>
                      <ReportItems>
                        <Textbox Name="Textbox62">
                          <Value>=Sum(Fields!TOTALSALES.Value)</Value>
                          <CanGrow>true</CanGrow>
                          <Style>
                            <BorderStyle>
                              <Default>Solid</Default>
                              <Left>None</Left>
                              <Right>None</Right>
                              <Top>None</Top>
                            </BorderStyle>
                            <VerticalAlign>Bottom</VerticalAlign>
                            <BorderColor>
                              <Default>Lightgrey</Default>
                              <Left>Lightgrey</Left>
                              <Right>Lightgrey</Right>
                              <Top>Lightgrey</Top>
                              <Bottom>Lightgrey</Bottom>
                            </BorderColor>
                            <BorderWidth>
                              <Bottom>2pt</Bottom>
                            </BorderWidth>
                            <Format>#,##0.00</Format>
                            <FontSize>9pt</FontSize>
                            <TextAlign>Right</TextAlign>
                            <PaddingRight>2pt</PaddingRight>
                            <FontWeight>Bold</FontWeight>
                          </Style>
                        </Textbox>
                      </ReportItems>
                    </TableCell>
                    <TableCell>
                      <ReportItems>
                        <Textbox Name="Textbox63">
                          <Value>=Sum(Fields!TOTALORDINANCE.Value)</Value>
                          <CanGrow>true</CanGrow>
                          <Style>
                            <BorderStyle>
                              <Default>Solid</Default>
                              <Left>None</Left>
                              <Right>None</Right>
                              <Top>None</Top>
                            </BorderStyle>
                            <VerticalAlign>Bottom</VerticalAlign>
                            <BorderColor>
                              <Default>Lightgrey</Default>
                              <Left>Lightgrey</Left>
                              <Right>Lightgrey</Right>
                              <Top>Lightgrey</Top>
                              <Bottom>Lightgrey</Bottom>
                            </BorderColor>
                            <BorderWidth>
                              <Bottom>2pt</Bottom>
                            </BorderWidth>
                            <Format>#,##0.00</Format>
                            <FontSize>9pt</FontSize>
                            <TextAlign>Right</TextAlign>
                            <PaddingRight>2pt</PaddingRight>
                            <FontWeight>Bold</FontWeight>
                          </Style>
                        </Textbox>
                      </ReportItems>
                    </TableCell>
                    <TableCell>
                      <ReportItems>
                        <Textbox Name="Textbox37">
                          <Value>=Sum(Fields!FOOD.Value)</Value>
                          <Style xmlns="http://schemas.microsoft.com/sqlserver/reporting/2005/01/reportdefinition">
                            <BorderStyle>
                              <Default>Solid</Default>
                              <Left>None</Left>
                              <Right>None</Right>
                              <Top>None</Top>
                            </BorderStyle>
                            <VerticalAlign>Bottom</VerticalAlign>
                            <BorderColor>
                              <Default>Lightgrey</Default>
                              <Left>Lightgrey</Left>
                              <Right>Lightgrey</Right>
                              <Top>Lightgrey</Top>
                              <Bottom>Lightgrey</Bottom>
                            </BorderColor>
                            <BorderWidth>
                              <Bottom>2pt</Bottom>
                            </BorderWidth>
                            <Format>#,##0.00</Format>
                            <FontSize>9pt</FontSize>
                            <TextAlign>Right</TextAlign>
                            <PaddingRight>2pt</PaddingRight>
                            <FontWeight>Bold</FontWeight>
                          </Style>
                        </Textbox>
                      </ReportItems>
                    </TableCell>
                    <TableCell>
                      <ReportItems>
                        <Textbox Name="Textbox64">
                          <Value>=Sum(Fields!TOTALSURCHARGE.Value) - Sum(Fields!FOOD.Value)</Value>
                          <CanGrow>true</CanGrow>
                          <Style>
                            <BorderStyle>
                              <Default>Solid</Default>
                              <Left>None</Left>
                              <Right>None</Right>
                              <Top>None</Top>
                            </BorderStyle>
                            <VerticalAlign>Bottom</VerticalAlign>
                            <BorderColor>
                              <Default>Lightgrey</Default>
                              <Left>Lightgrey</Left>
                              <Right>Lightgrey</Right>
                              <Top>Lightgrey</Top>
                              <Bottom>Lightgrey</Bottom>
                            </BorderColor>
                            <BorderWidth>
                              <Bottom>2pt</Bottom>
                            </BorderWidth>
                            <Format>#,##0.00</Format>
                            <FontSize>9pt</FontSize>
                            <TextAlign>Right</TextAlign>
                            <PaddingRight>2pt</PaddingRight>
                            <FontWeight>Bold</FontWeight>
                          </Style>
                        </Textbox>
                      </ReportItems>
                    </TableCell>
                    <TableCell>
                      <ReportItems>
                        <Textbox Name="Textbox65">
                          <Value>=Sum(Fields!GRANDTOTAL.Value)</Value>
                          <CanGrow>true</CanGrow>
                          <Style>
                            <BorderStyle>
                              <Default>Solid</Default>
                              <Left>None</Left>
                              <Right>None</Right>
                              <Top>None</Top>
                            </BorderStyle>
                            <VerticalAlign>Bottom</VerticalAlign>
                            <BorderColor>
                              <Default>Lightgrey</Default>
                              <Left>Lightgrey</Left>
                              <Right>Lightgrey</Right>
                              <Top>Lightgrey</Top>
                              <Bottom>Lightgrey</Bottom>
                            </BorderColor>
                            <BorderWidth>
                              <Bottom>2pt</Bottom>
                            </BorderWidth>
                            <Format>#,##0.00</Format>
                            <FontSize>9pt</FontSize>
                            <TextAlign>Right</TextAlign>
                            <PaddingRight>2pt</PaddingRight>
                            <FontWeight>Bold</FontWeight>
                          </Style>
                        </Textbox>
                      </ReportItems>
                    </TableCell>
                  </TableCells>
                </TableRow>
              </TableRows>
            </Footer>
            <TableGroups>
              <TableGroup>
                <Grouping Name="TableGroupGroup1">
                  <GroupExpressions>
                    <GroupExpression>=Fields!movie_date.Value</GroupExpression>
                  </GroupExpressions>
                  <PageBreakAtStart>false</PageBreakAtStart>
                  <PageBreakAtEnd>false</PageBreakAtEnd>
                </Grouping>
                <Header>
                  <TableRows>
                    <TableRow>
                      <Height>12.0pt</Height>
                      <TableCells>
                        <TableCell>
                          <ReportItems>
                            <Textbox Name="Textbox1">
                              <Value>="For Date: "+ Format(Fields!movie_date.Value,"MMMM dd, yyyy  (dddd)") </Value>
                              <Style xmlns="http://schemas.microsoft.com/sqlserver/reporting/2005/01/reportdefinition">
                                <BorderStyle>
                                  <Default>None</Default>
                                  <Left>None</Left>
                                  <Right>None</Right>
                                  <Top>None</Top>
                                  <Bottom>None</Bottom>
                                </BorderStyle>
                                <BorderColor>
                                  <Default>Lightgrey</Default>
                                  <Left>Lightgrey</Left>
                                  <Right>Lightgrey</Right>
                                  <Top>Lightgrey</Top>
                                  <Bottom>Lightgrey</Bottom>
                                </BorderColor>
                                <BorderWidth />
                                <FontSize>8pt</FontSize>
                                <VerticalAlign>Top</VerticalAlign>
                                <FontWeight>Bold</FontWeight>
                                <TextAlign>Left</TextAlign>
                                <FontFamily>Century Gothic</FontFamily>
                                <FontStyle>Italic</FontStyle>
                              </Style>
                            </Textbox>
                          </ReportItems>
                          <ColSpan>1</ColSpan>
                        </TableCell>
                        <TableCell>
                          <ReportItems>
                            <Textbox Name="Textbox34">
                              <Value>
                              </Value>
                              <Style xmlns="http://schemas.microsoft.com/sqlserver/reporting/2005/01/reportdefinition">
                                <BorderStyle>
                                  <Default>None</Default>
                                  <Left>None</Left>
                                  <Right>None</Right>
                                  <Top>None</Top>
                                  <Bottom>None</Bottom>
                                </BorderStyle>
                                <BorderColor>
                                  <Default>Lightgrey</Default>
                                  <Left>Lightgrey</Left>
                                  <Right>Lightgrey</Right>
                                  <Top>Lightgrey</Top>
                                  <Bottom>Lightgrey</Bottom>
                                </BorderColor>
                                <BorderWidth />
                                <FontSize>8pt</FontSize>
                                <VerticalAlign>Top</VerticalAlign>
                                <FontWeight>Bold</FontWeight>
                                <TextAlign>Left</TextAlign>
                                <FontFamily>Century Gothic</FontFamily>
                                <FontStyle>Italic</FontStyle>
                              </Style>
                            </Textbox>
                          </ReportItems>
                        </TableCell>
                        <TableCell>
                          <ReportItems>
                            <Textbox Name="Textbox33">
                              <Value>
                              </Value>
                              <Style xmlns="http://schemas.microsoft.com/sqlserver/reporting/2005/01/reportdefinition">
                                <BorderStyle>
                                  <Default>None</Default>
                                  <Left>None</Left>
                                  <Right>None</Right>
                                  <Top>None</Top>
                                  <Bottom>None</Bottom>
                                </BorderStyle>
                                <BorderColor>
                                  <Default>Lightgrey</Default>
                                  <Left>Lightgrey</Left>
                                  <Right>Lightgrey</Right>
                                  <Top>Lightgrey</Top>
                                  <Bottom>Lightgrey</Bottom>
                                </BorderColor>
                                <BorderWidth />
                                <FontSize>8pt</FontSize>
                                <VerticalAlign>Top</VerticalAlign>
                                <FontWeight>Bold</FontWeight>
                                <TextAlign>Left</TextAlign>
                                <FontFamily>Century Gothic</FontFamily>
                                <FontStyle>Italic</FontStyle>
                              </Style>
                            </Textbox>
                          </ReportItems>
                        </TableCell>
                        <TableCell>
                          <ReportItems>
                            <Textbox Name="Textbox32">
                              <Value>
                              </Value>
                              <Style xmlns="http://schemas.microsoft.com/sqlserver/reporting/2005/01/reportdefinition">
                                <BorderStyle>
                                  <Default>None</Default>
                                  <Left>None</Left>
                                  <Right>None</Right>
                                  <Top>None</Top>
                                  <Bottom>None</Bottom>
                                </BorderStyle>
                                <BorderColor>
                                  <Default>Lightgrey</Default>
                                  <Left>Lightgrey</Left>
                                  <Right>Lightgrey</Right>
                                  <Top>Lightgrey</Top>
                                  <Bottom>Lightgrey</Bottom>
                                </BorderColor>
                                <BorderWidth />
                                <FontSize>8pt</FontSize>
                                <VerticalAlign>Top</VerticalAlign>
                                <FontWeight>Bold</FontWeight>
                                <TextAlign>Left</TextAlign>
                                <FontFamily>Century Gothic</FontFamily>
                                <FontStyle>Italic</FontStyle>
                              </Style>
                            </Textbox>
                          </ReportItems>
                        </TableCell>
                        <TableCell>
                          <ReportItems>
                            <Textbox Name="Textbox28">
                              <Value>
                              </Value>
                              <Style xmlns="http://schemas.microsoft.com/sqlserver/reporting/2005/01/reportdefinition">
                                <BorderStyle>
                                  <Default>None</Default>
                                  <Left>None</Left>
                                  <Right>None</Right>
                                  <Top>None</Top>
                                  <Bottom>None</Bottom>
                                </BorderStyle>
                                <BorderColor>
                                  <Default>Lightgrey</Default>
                                  <Left>Lightgrey</Left>
                                  <Right>Lightgrey</Right>
                                  <Top>Lightgrey</Top>
                                  <Bottom>Lightgrey</Bottom>
                                </BorderColor>
                                <BorderWidth />
                                <FontSize>8pt</FontSize>
                                <VerticalAlign>Top</VerticalAlign>
                                <FontWeight>Bold</FontWeight>
                                <TextAlign>Left</TextAlign>
                                <FontFamily>Century Gothic</FontFamily>
                                <FontStyle>Italic</FontStyle>
                              </Style>
                            </Textbox>
                          </ReportItems>
                        </TableCell>
                        <TableCell>
                          <ReportItems>
                            <Textbox Name="Textbox27">
                              <Value>
                              </Value>
                              <Style xmlns="http://schemas.microsoft.com/sqlserver/reporting/2005/01/reportdefinition">
                                <BorderStyle>
                                  <Default>None</Default>
                                  <Left>None</Left>
                                  <Right>None</Right>
                                  <Top>None</Top>
                                  <Bottom>None</Bottom>
                                </BorderStyle>
                                <BorderColor>
                                  <Default>Lightgrey</Default>
                                  <Left>Lightgrey</Left>
                                  <Right>Lightgrey</Right>
                                  <Top>Lightgrey</Top>
                                  <Bottom>Lightgrey</Bottom>
                                </BorderColor>
                                <BorderWidth />
                                <FontSize>8pt</FontSize>
                                <VerticalAlign>Top</VerticalAlign>
                                <FontWeight>Bold</FontWeight>
                                <TextAlign>Left</TextAlign>
                                <FontFamily>Century Gothic</FontFamily>
                                <FontStyle>Italic</FontStyle>
                              </Style>
                            </Textbox>
                          </ReportItems>
                        </TableCell>
                        <TableCell>
                          <ReportItems>
                            <Textbox Name="Textbox26">
                              <Value>
                              </Value>
                              <Style xmlns="http://schemas.microsoft.com/sqlserver/reporting/2005/01/reportdefinition">
                                <BorderStyle>
                                  <Default>None</Default>
                                  <Left>None</Left>
                                  <Right>None</Right>
                                  <Top>None</Top>
                                  <Bottom>None</Bottom>
                                </BorderStyle>
                                <BorderColor>
                                  <Default>Lightgrey</Default>
                                  <Left>Lightgrey</Left>
                                  <Right>Lightgrey</Right>
                                  <Top>Lightgrey</Top>
                                  <Bottom>Lightgrey</Bottom>
                                </BorderColor>
                                <BorderWidth />
                                <FontSize>8pt</FontSize>
                                <VerticalAlign>Top</VerticalAlign>
                                <FontWeight>Bold</FontWeight>
                                <TextAlign>Left</TextAlign>
                                <FontFamily>Century Gothic</FontFamily>
                                <FontStyle>Italic</FontStyle>
                              </Style>
                            </Textbox>
                          </ReportItems>
                        </TableCell>
                        <TableCell>
                          <ReportItems>
                            <Textbox Name="Textbox38">
                              <Value>
                              </Value>
                              <Style xmlns="http://schemas.microsoft.com/sqlserver/reporting/2005/01/reportdefinition">
                                <BorderStyle>
                                  <Default>None</Default>
                                  <Left>None</Left>
                                  <Right>None</Right>
                                  <Top>None</Top>
                                  <Bottom>None</Bottom>
                                </BorderStyle>
                                <BorderColor>
                                  <Default>Lightgrey</Default>
                                  <Left>Lightgrey</Left>
                                  <Right>Lightgrey</Right>
                                  <Top>Lightgrey</Top>
                                  <Bottom>Lightgrey</Bottom>
                                </BorderColor>
                                <BorderWidth />
                                <FontSize>8pt</FontSize>
                                <VerticalAlign>Top</VerticalAlign>
                                <FontWeight>Bold</FontWeight>
                                <TextAlign>Left</TextAlign>
                                <FontFamily>Century Gothic</FontFamily>
                                <FontStyle>Italic</FontStyle>
                              </Style>
                            </Textbox>
                          </ReportItems>
                        </TableCell>
                        <TableCell>
                          <ReportItems>
                            <Textbox Name="Textbox25">
                              <Value>
                              </Value>
                              <Style xmlns="http://schemas.microsoft.com/sqlserver/reporting/2005/01/reportdefinition">
                                <BorderStyle>
                                  <Default>None</Default>
                                  <Left>None</Left>
                                  <Right>None</Right>
                                  <Top>None</Top>
                                  <Bottom>None</Bottom>
                                </BorderStyle>
                                <BorderColor>
                                  <Default>Lightgrey</Default>
                                  <Left>Lightgrey</Left>
                                  <Right>Lightgrey</Right>
                                  <Top>Lightgrey</Top>
                                  <Bottom>Lightgrey</Bottom>
                                </BorderColor>
                                <BorderWidth />
                                <FontSize>8pt</FontSize>
                                <VerticalAlign>Top</VerticalAlign>
                                <FontWeight>Bold</FontWeight>
                                <TextAlign>Left</TextAlign>
                                <FontFamily>Century Gothic</FontFamily>
                                <FontStyle>Italic</FontStyle>
                              </Style>
                            </Textbox>
                          </ReportItems>
                        </TableCell>
                        <TableCell>
                          <ReportItems>
                            <Textbox Name="Textbox24">
                              <Value>
                              </Value>
                              <Style xmlns="http://schemas.microsoft.com/sqlserver/reporting/2005/01/reportdefinition">
                                <BorderStyle>
                                  <Default>None</Default>
                                  <Left>None</Left>
                                  <Right>None</Right>
                                  <Top>None</Top>
                                  <Bottom>None</Bottom>
                                </BorderStyle>
                                <BorderColor>
                                  <Default>Lightgrey</Default>
                                  <Left>Lightgrey</Left>
                                  <Right>Lightgrey</Right>
                                  <Top>Lightgrey</Top>
                                  <Bottom>Lightgrey</Bottom>
                                </BorderColor>
                                <BorderWidth />
                                <FontSize>8pt</FontSize>
                                <VerticalAlign>Top</VerticalAlign>
                                <FontWeight>Bold</FontWeight>
                                <TextAlign>Left</TextAlign>
                                <FontFamily>Century Gothic</FontFamily>
                                <FontStyle>Italic</FontStyle>
                              </Style>
                            </Textbox>
                          </ReportItems>
                        </TableCell>
                      </TableCells>
                    </TableRow>
                    <TableRow>
                      <Height>15.9pt</Height>
                      <TableCells>
                        <TableCell>
                          <ReportItems>
                            <Textbox Name="Textbox14">
                              <Value>PATRON CODE</Value>
                              <Style xmlns="http://schemas.microsoft.com/sqlserver/reporting/2005/01/reportdefinition">
                                <BorderStyle>
                                  <Default>Solid</Default>
                                  <Left>Solid</Left>
                                  <Right>Solid</Right>
                                  <Top>Solid</Top>
                                  <Bottom>Solid</Bottom>
                                </BorderStyle>
                                <BorderColor>
                                  <Default>Lightgrey</Default>
                                  <Left>Lightgrey</Left>
                                  <Right>Lightgrey</Right>
                                  <Top>Lightgrey</Top>
                                  <Bottom>Lightgrey</Bottom>
                                </BorderColor>
                                <BorderWidth />
                                <FontSize>8pt</FontSize>
                                <VerticalAlign>Middle</VerticalAlign>
                                <FontWeight>Bold</FontWeight>
                                <TextAlign>Center</TextAlign>
                                <FontFamily>Century Gothic</FontFamily>
                              </Style>
                              <HideDuplicates>
                              </HideDuplicates>
                              <CanGrow>false</CanGrow>
                              <CanShrink>false</CanShrink>
                              <Visibility>
                                <Hidden>
                                </Hidden>
                                <ToggleItem>
                                </ToggleItem>
                              </Visibility>
                            </Textbox>
                          </ReportItems>
                        </TableCell>
                        <TableCell>
                          <ReportItems>
                            <Textbox Name="Textbox15">
                              <Value>PATRON NAME</Value>
                              <Style xmlns="http://schemas.microsoft.com/sqlserver/reporting/2005/01/reportdefinition">
                                <BorderStyle>
                                  <Default>Solid</Default>
                                  <Left>Solid</Left>
                                  <Right>Solid</Right>
                                  <Top>Solid</Top>
                                  <Bottom>Solid</Bottom>
                                </BorderStyle>
                                <BorderColor>
                                  <Default>Lightgrey</Default>
                                  <Left>Lightgrey</Left>
                                  <Right>Lightgrey</Right>
                                  <Top>Lightgrey</Top>
                                  <Bottom>Lightgrey</Bottom>
                                </BorderColor>
                                <BorderWidth />
                                <FontSize>8pt</FontSize>
                                <VerticalAlign>Middle</VerticalAlign>
                                <FontWeight>Bold</FontWeight>
                                <TextAlign>Center</TextAlign>
                                <FontFamily>Century Gothic</FontFamily>
                              </Style>
                              <HideDuplicates>
                              </HideDuplicates>
                              <CanShrink>false</CanShrink>
                              <Visibility>
                                <Hidden>
                                </Hidden>
                                <ToggleItem>
                                </ToggleItem>
                              </Visibility>
                              <CanGrow>false</CanGrow>
                            </Textbox>
                          </ReportItems>
                        </TableCell>
                        <TableCell>
                          <ReportItems>
                            <Textbox Name="Textbox16">
                              <Value>CINEMA</Value>
                              <Style xmlns="http://schemas.microsoft.com/sqlserver/reporting/2005/01/reportdefinition">
                                <BorderStyle>
                                  <Default>Solid</Default>
                                  <Left>Solid</Left>
                                  <Right>Solid</Right>
                                  <Top>Solid</Top>
                                  <Bottom>Solid</Bottom>
                                </BorderStyle>
                                <BorderColor>
                                  <Default>Lightgrey</Default>
                                  <Left>Lightgrey</Left>
                                  <Right>Lightgrey</Right>
                                  <Top>Lightgrey</Top>
                                  <Bottom>Lightgrey</Bottom>
                                </BorderColor>
                                <BorderWidth />
                                <FontSize>8pt</FontSize>
                                <VerticalAlign>Middle</VerticalAlign>
                                <FontWeight>Bold</FontWeight>
                                <TextAlign>Center</TextAlign>
                                <FontFamily>Century Gothic</FontFamily>
                              </Style>
                              <HideDuplicates>
                              </HideDuplicates>
                              <CanShrink>false</CanShrink>
                              <Visibility>
                                <Hidden>
                                </Hidden>
                                <ToggleItem>
                                </ToggleItem>
                              </Visibility>
                              <CanGrow>false</CanGrow>
                            </Textbox>
                          </ReportItems>
                        </TableCell>
                        <TableCell>
                          <ReportItems>
                            <Textbox Name="Textbox17">
                              <Value>PRICE</Value>
                              <Style xmlns="http://schemas.microsoft.com/sqlserver/reporting/2005/01/reportdefinition">
                                <BorderStyle>
                                  <Default>Solid</Default>
                                  <Left>Solid</Left>
                                  <Right>Solid</Right>
                                  <Top>Solid</Top>
                                  <Bottom>Solid</Bottom>
                                </BorderStyle>
                                <BorderColor>
                                  <Default>Lightgrey</Default>
                                  <Left>Lightgrey</Left>
                                  <Right>Lightgrey</Right>
                                  <Top>Lightgrey</Top>
                                  <Bottom>Lightgrey</Bottom>
                                </BorderColor>
                                <BorderWidth />
                                <FontSize>8pt</FontSize>
                                <VerticalAlign>Middle</VerticalAlign>
                                <FontWeight>Bold</FontWeight>
                                <TextAlign>Center</TextAlign>
                                <FontFamily>Century Gothic</FontFamily>
                              </Style>
                              <HideDuplicates>
                              </HideDuplicates>
                              <CanShrink>false</CanShrink>
                              <Visibility>
                                <Hidden>
                                </Hidden>
                                <ToggleItem>
                                </ToggleItem>
                              </Visibility>
                              <CanGrow>false</CanGrow>
                            </Textbox>
                          </ReportItems>
                        </TableCell>
                        <TableCell>
                          <ReportItems>
                            <Textbox Name="Textbox18">
                              <Value>QTY</Value>
                              <Style xmlns="http://schemas.microsoft.com/sqlserver/reporting/2005/01/reportdefinition">
                                <BorderStyle>
                                  <Default>Solid</Default>
                                  <Left>Solid</Left>
                                  <Right>Solid</Right>
                                  <Top>Solid</Top>
                                  <Bottom>Solid</Bottom>
                                </BorderStyle>
                                <BorderColor>
                                  <Default>Lightgrey</Default>
                                  <Left>Lightgrey</Left>
                                  <Right>Lightgrey</Right>
                                  <Top>Lightgrey</Top>
                                  <Bottom>Lightgrey</Bottom>
                                </BorderColor>
                                <BorderWidth />
                                <FontSize>8pt</FontSize>
                                <VerticalAlign>Middle</VerticalAlign>
                                <FontWeight>Bold</FontWeight>
                                <TextAlign>Center</TextAlign>
                                <FontFamily>Century Gothic</FontFamily>
                              </Style>
                              <HideDuplicates>
                              </HideDuplicates>
                              <CanShrink>false</CanShrink>
                              <Visibility>
                                <Hidden>
                                </Hidden>
                                <ToggleItem>
                                </ToggleItem>
                              </Visibility>
                              <CanGrow>false</CanGrow>
                            </Textbox>
                          </ReportItems>
                        </TableCell>
                        <TableCell>
                          <ReportItems>
                            <Textbox Name="Textbox19">
                              <Value>SUB TOTAL</Value>
                              <Style xmlns="http://schemas.microsoft.com/sqlserver/reporting/2005/01/reportdefinition">
                                <BorderStyle>
                                  <Default>Solid</Default>
                                  <Left>Solid</Left>
                                  <Right>Solid</Right>
                                  <Top>Solid</Top>
                                  <Bottom>Solid</Bottom>
                                </BorderStyle>
                                <BorderColor>
                                  <Default>Lightgrey</Default>
                                  <Left>Lightgrey</Left>
                                  <Right>Lightgrey</Right>
                                  <Top>Lightgrey</Top>
                                  <Bottom>Lightgrey</Bottom>
                                </BorderColor>
                                <BorderWidth />
                                <FontSize>8pt</FontSize>
                                <VerticalAlign>Middle</VerticalAlign>
                                <FontWeight>Bold</FontWeight>
                                <TextAlign>Center</TextAlign>
                                <FontFamily>Century Gothic</FontFamily>
                              </Style>
                              <HideDuplicates>
                              </HideDuplicates>
                              <CanShrink>false</CanShrink>
                              <Visibility>
                                <Hidden>
                                </Hidden>
                                <ToggleItem>
                                </ToggleItem>
                              </Visibility>
                              <CanGrow>false</CanGrow>
                            </Textbox>
                          </ReportItems>
                        </TableCell>
                        <TableCell>
                          <ReportItems>
                            <Textbox Name="Textbox20">
                              <Value>ORDINANCE</Value>
                              <Style xmlns="http://schemas.microsoft.com/sqlserver/reporting/2005/01/reportdefinition">
                                <BorderStyle>
                                  <Default>Solid</Default>
                                  <Left>Solid</Left>
                                  <Right>Solid</Right>
                                  <Top>Solid</Top>
                                  <Bottom>Solid</Bottom>
                                </BorderStyle>
                                <BorderColor>
                                  <Default>Lightgrey</Default>
                                  <Left>Lightgrey</Left>
                                  <Right>Lightgrey</Right>
                                  <Top>Lightgrey</Top>
                                  <Bottom>Lightgrey</Bottom>
                                </BorderColor>
                                <BorderWidth />
                                <FontSize>8pt</FontSize>
                                <VerticalAlign>Middle</VerticalAlign>
                                <FontWeight>Bold</FontWeight>
                                <TextAlign>Center</TextAlign>
                                <FontFamily>Century Gothic</FontFamily>
                              </Style>
                              <HideDuplicates>
                              </HideDuplicates>
                              <CanShrink>false</CanShrink>
                              <Visibility>
                                <Hidden>
                                </Hidden>
                                <ToggleItem>
                                </ToggleItem>
                              </Visibility>
                              <CanGrow>false</CanGrow>
                            </Textbox>
                          </ReportItems>
                        </TableCell>
                        <TableCell>
                          <ReportItems>
                            <Textbox Name="Textbox39">
                              <Value>FOOD</Value>
                              <Style xmlns="http://schemas.microsoft.com/sqlserver/reporting/2005/01/reportdefinition">
                                <BorderStyle>
                                  <Default>Solid</Default>
                                  <Left>Solid</Left>
                                  <Right>Solid</Right>
                                  <Top>Solid</Top>
                                  <Bottom>Solid</Bottom>
                                </BorderStyle>
                                <BorderColor>
                                  <Default>Lightgrey</Default>
                                  <Left>Lightgrey</Left>
                                  <Right>Lightgrey</Right>
                                  <Top>Lightgrey</Top>
                                  <Bottom>Lightgrey</Bottom>
                                </BorderColor>
                                <BorderWidth />
                                <FontSize>8pt</FontSize>
                                <VerticalAlign>Middle</VerticalAlign>
                                <FontWeight>Bold</FontWeight>
                                <TextAlign>Center</TextAlign>
                                <FontFamily>Century Gothic</FontFamily>
                              </Style>
                            </Textbox>
                          </ReportItems>
                        </TableCell>
                        <TableCell>
                          <ReportItems>
                            <Textbox Name="Textbox21">
                              <Value>SURCHARGE</Value>
                              <Style xmlns="http://schemas.microsoft.com/sqlserver/reporting/2005/01/reportdefinition">
                                <BorderStyle>
                                  <Default>Solid</Default>
                                  <Left>Solid</Left>
                                  <Right>Solid</Right>
                                  <Top>Solid</Top>
                                  <Bottom>Solid</Bottom>
                                </BorderStyle>
                                <BorderColor>
                                  <Default>Lightgrey</Default>
                                  <Left>Lightgrey</Left>
                                  <Right>Lightgrey</Right>
                                  <Top>Lightgrey</Top>
                                  <Bottom>Lightgrey</Bottom>
                                </BorderColor>
                                <BorderWidth />
                                <FontSize>8pt</FontSize>
                                <VerticalAlign>Middle</VerticalAlign>
                                <FontWeight>Bold</FontWeight>
                                <TextAlign>Center</TextAlign>
                                <FontFamily>Century Gothic</FontFamily>
                              </Style>
                              <HideDuplicates>
                              </HideDuplicates>
                              <CanShrink>false</CanShrink>
                              <Visibility>
                                <Hidden>
                                </Hidden>
                                <ToggleItem>
                                </ToggleItem>
                              </Visibility>
                              <CanGrow>false</CanGrow>
                            </Textbox>
                          </ReportItems>
                        </TableCell>
                        <TableCell>
                          <ReportItems>
                            <Textbox Name="Textbox22">
                              <Value>TOTAL SALES</Value>
                              <Style xmlns="http://schemas.microsoft.com/sqlserver/reporting/2005/01/reportdefinition">
                                <BorderStyle>
                                  <Default>Solid</Default>
                                  <Left>Solid</Left>
                                  <Right>Solid</Right>
                                  <Top>Solid</Top>
                                  <Bottom>Solid</Bottom>
                                </BorderStyle>
                                <BorderColor>
                                  <Default>Lightgrey</Default>
                                  <Left>Lightgrey</Left>
                                  <Right>Lightgrey</Right>
                                  <Top>Lightgrey</Top>
                                  <Bottom>Lightgrey</Bottom>
                                </BorderColor>
                                <BorderWidth />
                                <FontSize>8pt</FontSize>
                                <VerticalAlign>Middle</VerticalAlign>
                                <FontWeight>Bold</FontWeight>
                                <TextAlign>Center</TextAlign>
                                <FontFamily>Century Gothic</FontFamily>
                              </Style>
                              <HideDuplicates>
                              </HideDuplicates>
                              <CanShrink>false</CanShrink>
                              <Visibility>
                                <Hidden>
                                </Hidden>
                                <ToggleItem>
                                </ToggleItem>
                              </Visibility>
                              <CanGrow>false</CanGrow>
                            </Textbox>
                          </ReportItems>
                        </TableCell>
                      </TableCells>
                      <Visibility>
                      </Visibility>
                    </TableRow>
                  </TableRows>
                  <RepeatOnNewPage>true</RepeatOnNewPage>
                </Header>
                <Footer>
                  <TableRows>
                    <TableRow>
                      <Height>13.7pt</Height>
                      <TableCells>
                        <TableCell>
                          <ReportItems>
                            <Textbox Name="Textbox79">
                              <Value>SUB-TOTAL</Value>
                              <CanGrow>true</CanGrow>
                              <Style>
                                <BorderStyle>
                                  <Default>Solid</Default>
                                  <Left>None</Left>
                                  <Right>None</Right>
                                  <Bottom>None</Bottom>
                                </BorderStyle>
                                <BorderColor>
                                  <Default>Lightgrey</Default>
                                  <Left>Lightgrey</Left>
                                  <Right>Lightgrey</Right>
                                  <Top>Lightgrey</Top>
                                  <Bottom>Lightgrey</Bottom>
                                </BorderColor>
                                <BorderWidth />
                                <TextAlign>Right</TextAlign>
                                <VerticalAlign>Middle</VerticalAlign>
                                <PaddingRight>10pt</PaddingRight>
                                <FontSize>9pt</FontSize>
                              </Style>
                            </Textbox>
                          </ReportItems>
                          <ColSpan>4</ColSpan>
                        </TableCell>
                        <TableCell>
                          <ReportItems>
                            <Textbox Name="Textbox83">
                              <Value>=Sum(Fields!QTY.Value)</Value>
                              <CanGrow>true</CanGrow>
                              <Style>
                                <BorderStyle>
                                  <Default>Solid</Default>
                                  <Left>None</Left>
                                  <Right>None</Right>
                                  <Bottom>None</Bottom>
                                </BorderStyle>
                                <Format>#,##0</Format>
                                <BorderColor>
                                  <Default>Lightgrey</Default>
                                  <Left>Lightgrey</Left>
                                  <Right>Lightgrey</Right>
                                  <Top>Lightgrey</Top>
                                  <Bottom>Lightgrey</Bottom>
                                </BorderColor>
                                <BorderWidth />
                                <FontSize>9pt</FontSize>
                                <TextAlign>Right</TextAlign>
                                <VerticalAlign>Middle</VerticalAlign>
                                <PaddingRight>2pt</PaddingRight>
                              </Style>
                            </Textbox>
                          </ReportItems>
                        </TableCell>
                        <TableCell>
                          <ReportItems>
                            <Textbox Name="Textbox84">
                              <Value>=Sum(Fields!TOTALSALES.Value)</Value>
                              <CanGrow>true</CanGrow>
                              <Style>
                                <BorderStyle>
                                  <Default>Solid</Default>
                                  <Left>None</Left>
                                  <Right>None</Right>
                                  <Bottom>None</Bottom>
                                </BorderStyle>
                                <Format>#,##0.00</Format>
                                <BorderColor>
                                  <Default>Lightgrey</Default>
                                  <Left>Lightgrey</Left>
                                  <Right>Lightgrey</Right>
                                  <Top>Lightgrey</Top>
                                  <Bottom>Lightgrey</Bottom>
                                </BorderColor>
                                <BorderWidth />
                                <FontSize>9pt</FontSize>
                                <TextAlign>Right</TextAlign>
                                <VerticalAlign>Middle</VerticalAlign>
                                <PaddingRight>2pt</PaddingRight>
                              </Style>
                            </Textbox>
                          </ReportItems>
                        </TableCell>
                        <TableCell>
                          <ReportItems>
                            <Textbox Name="Textbox85">
                              <Value>=Sum(Fields!TOTALORDINANCE.Value)</Value>
                              <CanGrow>true</CanGrow>
                              <Style>
                                <BorderStyle>
                                  <Default>Solid</Default>
                                  <Left>None</Left>
                                  <Right>None</Right>
                                  <Bottom>None</Bottom>
                                </BorderStyle>
                                <Format>#,##0.00</Format>
                                <BorderColor>
                                  <Default>Lightgrey</Default>
                                  <Left>Lightgrey</Left>
                                  <Right>Lightgrey</Right>
                                  <Top>Lightgrey</Top>
                                  <Bottom>Lightgrey</Bottom>
                                </BorderColor>
                                <BorderWidth />
                                <FontSize>9pt</FontSize>
                                <TextAlign>Right</TextAlign>
                                <VerticalAlign>Middle</VerticalAlign>
                                <PaddingRight>2pt</PaddingRight>
                              </Style>
                            </Textbox>
                          </ReportItems>
                        </TableCell>
                        <TableCell>
                          <ReportItems>
                            <Textbox Name="Textbox40">
                              <Value>=Sum(Fields!FOOD.Value)</Value>
                              <Style xmlns="http://schemas.microsoft.com/sqlserver/reporting/2005/01/reportdefinition">
                                <BorderStyle>
                                  <Default>Solid</Default>
                                  <Left>None</Left>
                                  <Right>None</Right>
                                  <Bottom>None</Bottom>
                                </BorderStyle>
                                <Format>#,##0.00</Format>
                                <BorderColor>
                                  <Default>Lightgrey</Default>
                                  <Left>Lightgrey</Left>
                                  <Right>Lightgrey</Right>
                                  <Top>Lightgrey</Top>
                                  <Bottom>Lightgrey</Bottom>
                                </BorderColor>
                                <BorderWidth />
                                <FontSize>9pt</FontSize>
                                <TextAlign>Right</TextAlign>
                                <VerticalAlign>Middle</VerticalAlign>
                                <PaddingRight>2pt</PaddingRight>
                              </Style>
                            </Textbox>
                          </ReportItems>
                        </TableCell>
                        <TableCell>
                          <ReportItems>
                            <Textbox Name="Textbox86">
                              <Value>=Sum(Fields!TOTALSURCHARGE.Value) - Sum(Fields!FOOD.Value)</Value>
                              <CanGrow>true</CanGrow>
                              <Style>
                                <BorderStyle>
                                  <Default>Solid</Default>
                                  <Left>None</Left>
                                  <Right>None</Right>
                                  <Bottom>None</Bottom>
                                </BorderStyle>
                                <Format>#,##0.00</Format>
                                <BorderColor>
                                  <Default>Lightgrey</Default>
                                  <Left>Lightgrey</Left>
                                  <Right>Lightgrey</Right>
                                  <Top>Lightgrey</Top>
                                  <Bottom>Lightgrey</Bottom>
                                </BorderColor>
                                <BorderWidth />
                                <FontSize>9pt</FontSize>
                                <TextAlign>Right</TextAlign>
                                <VerticalAlign>Middle</VerticalAlign>
                                <PaddingRight>2pt</PaddingRight>
                              </Style>
                            </Textbox>
                          </ReportItems>
                        </TableCell>
                        <TableCell>
                          <ReportItems>
                            <Textbox Name="Textbox87">
                              <Value>=Sum(Fields!GRANDTOTAL.Value)</Value>
                              <CanGrow>true</CanGrow>
                              <Style>
                                <BorderStyle>
                                  <Default>Solid</Default>
                                  <Left>None</Left>
                                  <Right>None</Right>
                                  <Bottom>None</Bottom>
                                </BorderStyle>
                                <Format>#,##0.00</Format>
                                <BorderColor>
                                  <Default>Lightgrey</Default>
                                  <Left>Lightgrey</Left>
                                  <Right>Lightgrey</Right>
                                  <Top>Lightgrey</Top>
                                  <Bottom>Lightgrey</Bottom>
                                </BorderColor>
                                <BorderWidth />
                                <FontSize>9pt</FontSize>
                                <TextAlign>Right</TextAlign>
                                <VerticalAlign>Middle</VerticalAlign>
                                <PaddingRight>2pt</PaddingRight>
                              </Style>
                            </Textbox>
                          </ReportItems>
                        </TableCell>
                      </TableCells>
                    </TableRow>
                  </TableRows>
                  <RepeatOnNewPage>false</RepeatOnNewPage>
                </Footer>
              </TableGroup>
            </TableGroups>
            <Left>8.9pt</Left>
            <Top>1.9pt</Top>
          </Table>
        </ReportItems>
        <Grouping Name="name">
          <PageBreakAtStart>false</PageBreakAtStart>
          <PageBreakAtEnd>false</PageBreakAtEnd>
          <GroupExpressions>
            <GroupExpression>=Fields!user.Value</GroupExpression>
          </GroupExpressions>
        </Grouping>
      </List>
      <List Name="List2">
        <Height>36.94pt</Height>
        <Width>581.96pt</Width>
        <Left>12.10pt</Left>
        <Top>2.40pt</Top>
        <ReportItems>
          <Textbox Name="Textbox4">
            <Height>11.99pt</Height>
            <Width>161.22pt</Width>
            <Value>="Date: " + Format(Today(), "MM/dd/yyyy")</Value>
            <Left>373.0pt</Left>
            <Top>10.4pt</Top>
            <Style>
              <BorderStyle />
              <BorderColor />
              <BorderWidth />
              <FontWeight>Bold</FontWeight>
              <FontSize>10pt</FontSize>
              <VerticalAlign>Middle</VerticalAlign>
            </Style>
          </Textbox>
          <Textbox Name="Textbox5">
            <Height>12.74pt</Height>
            <Width>161.12pt</Width>
            <Value>="Time: "+ Format( Globals!ExecutionTime, "h:mm tt")</Value>
            <Left>373.3pt</Left>
            <Top>22.9pt</Top>
            <Style>
              <BorderStyle />
              <BorderColor />
              <BorderWidth />
              <FontWeight>Bold</FontWeight>
              <Format>hh:mm tt</Format>
              <VerticalAlign>Middle</VerticalAlign>
              <FontSize>10pt</FontSize>
            </Style>
          </Textbox>
          <Textbox Name="Textbox2">
            <Height>11.25pt</Height>
            <Width>263.52pt</Width>
            <Value>=Fields!reportname.Value</Value>
            <Left>2.6pt</Left>
            <Top>22.6pt</Top>
            <Style>
              <BorderStyle />
              <BorderColor />
              <BorderWidth />
              <FontWeight>Bold</FontWeight>
              <FontFamily>Segoe UI</FontFamily>
              <FontSize>10pt</FontSize>
              <TextAlign>Left</TextAlign>
              <VerticalAlign>Middle</VerticalAlign>
              <PaddingLeft>10pt</PaddingLeft>
            </Style>
          </Textbox>
          <Textbox Name="Textbox6">
            <Height>16.52pt</Height>
            <Width>262.72pt</Width>
            <Value>=Fields!system_value.Value</Value>
            <Left>3.10pt</Left>
            <Top>4.40pt</Top>
            <Style>
              <BorderStyle />
              <BorderColor />
              <BorderWidth />
              <FontWeight>Bold</FontWeight>
              <FontSize>11pt</FontSize>
              <FontFamily>Times New Roman</FontFamily>
              <TextAlign>Left</TextAlign>
              <VerticalAlign>Middle</VerticalAlign>
              <PaddingLeft>10pt</PaddingLeft>
            </Style>
          </Textbox>
          <Line Name="Line1">
            <Height>-0.01pt</Height>
            <Width>532.18pt</Width>
            <Style>
              <BorderStyle>
                <Default>Solid</Default>
              </BorderStyle>
              <BorderColor>
                <Default>Lightgrey</Default>
              </BorderColor>
              <BorderWidth />
            </Style>
            <Left>2.4pt</Left>
            <Top>35.0pt</Top>
          </Line>
        </ReportItems>
        <Style>
          <BorderStyle />
          <BorderColor />
          <BorderWidth />
        </Style>
        <Grouping Name="system">
          <PageBreakAtStart>false</PageBreakAtStart>
          <PageBreakAtEnd>false</PageBreakAtEnd>
          <GroupExpressions>
            <GroupExpression>=Fields!system_value.Value</GroupExpression>
          </GroupExpressions>
        </Grouping>
        <NoRows>No data on this date</NoRows>
      </List>
    </ReportItems>
  </Body>
  <PageFooter>
    <Height>14pt</Height>
    <ReportItems>
      <Textbox Name="Textbox3">
        <Top>1pt</Top>
        <Left>10pt</Left>
        <Height>12pt</Height>
        <Width>3in</Width>
        <Value>=Globals!PageNumber + ' of ' + Globals!TotalPages</Value>
        <Style>
          <FontSize>10pt</FontSize>
          <FontWeight>Normal</FontWeight>
        </Style>
      </Textbox>
    </ReportItems>
    <PrintOnFirstPage>true</PrintOnFirstPage>
    <PrintOnLastPage>true</PrintOnLastPage>
  </PageFooter>
  <DataSources>
    <DataSource Name="DS1">
      <ConnectionProperties>
        <DataProvider>ODBC</DataProvider>
        <ConnectString></ConnectString>
        <IntegratedSecurity>false</IntegratedSecurity>
      </ConnectionProperties>
    </DataSource>
  </DataSources>
</Report>