<?xml version="1.0" encoding="UTF-8"?>
<Report xmlns="http://schemas.microsoft.com/sqlserver/reporting/2005/01/reportdefinition" xmlns:rd="http://schemas.microsoft.com/SQLServer/reporting/reportdesigner">
  <Description>total gross</Description>
  <Author>rogelio betito</Author>
  <PageHeight>11in</PageHeight>
  <PageWidth>8.5in</PageWidth>
  <DataSources>
    <DataSource Name="DS1">
      <ConnectionProperties>
        <DataProvider>ODBC</DataProvider>
        <ConnectString></ConnectString>
      </ConnectionProperties>
    </DataSource>
  </DataSources>
  <Width>7.5in</Width>
  <TopMargin>.25in</TopMargin>
  <LeftMargin>.25in</LeftMargin>
  <RightMargin>.25in</RightMargin>
  <BottomMargin>.25in</BottomMargin>
  <DataSets>
    <DataSet Name="Data">
      <Query >
        <DataSourceName>DS1</DataSourceName>
        <CommandText></CommandText>
      </Query>
      <Fields >
        <Field Name="Report_Date">
          <DataField>Report_Date</DataField>
          <rd:TypeName>System.DateTime</rd:TypeName>
        </Field>
        <Field Name="Cinema1">
          <DataField>Cinema1</DataField>
          <rd:TypeName>System.Single</rd:TypeName>
        </Field>
        <Field Name="Cinema2">
          <DataField>Cinema2</DataField>
          <rd:TypeName>System.Single</rd:TypeName>
        </Field>
        <Field Name="Cinema3">
          <DataField>Cinema3</DataField>
          <rd:TypeName>System.Single</rd:TypeName>
        </Field>
        <Field Name="Cinema6">
          <DataField>Cinema6</DataField>
          <rd:TypeName>System.Single</rd:TypeName>
        </Field>
        <Field Name="Cinema7">
          <DataField>Cinema7</DataField>
          <rd:TypeName>System.Single</rd:TypeName>
        </Field>
        <Field Name="Cinema8">
          <DataField>Cinema8</DataField>
          <rd:TypeName>System.Single</rd:TypeName>
        </Field>
        <Field Name="Cinema9">
          <DataField>Cinema9</DataField>
          <rd:TypeName>System.Single</rd:TypeName>
        </Field>
        <Field Name="Cinema10">
          <DataField>Cinema10</DataField>
          <rd:TypeName>System.Single</rd:TypeName>
        </Field>
        <Field Name="Cinema11">
          <DataField>Cinema11</DataField>
          <rd:TypeName>System.Single</rd:TypeName>
        </Field>
        <Field Name="Cinema12">
          <DataField>Cinema12</DataField>
          <rd:TypeName>System.Single</rd:TypeName>
        </Field>
        <Field Name="Total_Gross">
          <DataField>Total_Gross</DataField>
          <rd:TypeName>System.Double</rd:TypeName>
        </Field>
        <Field Name="system_value">
          <DataField>system_value</DataField>
          <rd:TypeName>System.String</rd:TypeName>
        </Field>
        <Field Name="report_name">
          <DataField>report_name</DataField>
          <rd:TypeName>System.String</rd:TypeName>
        </Field>
      </Fields>
    </DataSet>
  </DataSets>
  <PageHeader>
    <Height>10.9pt</Height>
    <PrintOnFirstPage>true</PrintOnFirstPage>
    <PrintOnLastPage>true</PrintOnLastPage>
  </PageHeader>
  <Body>
    <ReportItems>
      <Table Name="Table1">
        <DataSetName>Data</DataSetName>
        <NoRows>Query returned no rows!</NoRows>
        <Style>
          <BorderStyle>
            <Default>Solid</Default>
          </BorderStyle>
        </Style>
        <TableColumns>
          <TableColumn>
            <Width>52.2pt</Width>
          </TableColumn>
          <TableColumn>
            <Width>44.5pt</Width>
          </TableColumn>
          <TableColumn>
            <Width>48.9pt</Width>
          </TableColumn>
          <TableColumn>
            <Width>44.8pt</Width>
          </TableColumn>
          <TableColumn>
            <Width>45.7pt</Width>
          </TableColumn>
          <TableColumn>
            <Width>45.9pt</Width>
          </TableColumn>
          <TableColumn>
            <Width>46.8pt</Width>
          </TableColumn>
          <TableColumn>
            <Width>44.6pt</Width>
          </TableColumn>
          <TableColumn>
            <Width>46.2pt</Width>
          </TableColumn>
          <TableColumn >
            <Width>50.0pt</Width>
          </TableColumn>
          <TableColumn >
            <Width>53.0pt</Width>
          </TableColumn>
          <TableColumn>
            <Width>52.1pt</Width>
          </TableColumn>
        </TableColumns>
        <Header>
          <TableRows>
            <TableRow>
              <Height>14.2pt</Height>
              <TableCells>
                <TableCell>
                  <ReportItems>
                    <Textbox Name="Textbox27">
                      <Value>=Fields!system_value.Value</Value>
                      <Style xmlns="http://schemas.microsoft.com/sqlserver/reporting/2005/01/reportdefinition">
                        <TextAlign>Left</TextAlign>
                        <BorderStyle>
                          <Default>None</Default>
                          <Left>None</Left>
                          <Right>None</Right>
                          <Top>None</Top>
                          <Bottom>None</Bottom>
                        </BorderStyle>
                        <FontWeight>Bold</FontWeight>
                        <BorderColor />
                        <BorderWidth />
                        <FontFamily>Times New Roman</FontFamily>
                        <FontSize>11pt</FontSize>
                        <VerticalAlign>Middle</VerticalAlign>
                        <PaddingLeft>10pt</PaddingLeft>
                      </Style>
                      <CanGrow>true</CanGrow>
                    </Textbox>
                  </ReportItems>
                  <ColSpan>12</ColSpan>
                </TableCell>
              </TableCells>
            </TableRow>
            <TableRow>
              <Height>12.2pt</Height>
              <TableCells>
                <TableCell>
                  <ReportItems>
                    <Textbox Name="Textbox21">
                      <Value>=Fields!report_name.Value</Value>
                      <Style xmlns="http://schemas.microsoft.com/sqlserver/reporting/2005/01/reportdefinition">
                        <TextAlign>Left</TextAlign>
                        <BorderStyle>
                          <Default>None</Default>
                          <Left>None</Left>
                          <Right>None</Right>
                          <Top>None</Top>
                          <Bottom>None</Bottom>
                        </BorderStyle>
                        <FontWeight>Bold</FontWeight>
                        <BorderColor />
                        <BorderWidth />
                        <FontFamily>Segoe UI</FontFamily>
                        <FontSize>10pt</FontSize>
                        <VerticalAlign>Middle</VerticalAlign>
                        <PaddingLeft>10pt</PaddingLeft>
                      </Style>
                      <CanGrow>true</CanGrow>
                    </Textbox>
                  </ReportItems>
                  <ColSpan>12</ColSpan>
                </TableCell>
              </TableCells>
            </TableRow>
            <TableRow>
              <Height>4.4pt</Height>
              <TableCells>
                <TableCell>
                  <ReportItems>
                    <Textbox Name="Textbox15">
                      <Value>
                      </Value>
                      <Style xmlns="http://schemas.microsoft.com/sqlserver/reporting/2005/01/reportdefinition">
                        <TextAlign>Center</TextAlign>
                        <BorderStyle>
                          <Default>None</Default>
                          <Left>None</Left>
                          <Right>None</Right>
                          <Top>None</Top>
                          <Bottom>None</Bottom>
                        </BorderStyle>
                        <FontWeight>Bold</FontWeight>
                        <BorderColor />
                        <BorderWidth />
                      </Style>
                    </Textbox>
                  </ReportItems>
                  <ColSpan>12</ColSpan>
                </TableCell>
              </TableCells>
            </TableRow>
            <TableRow>
              <Height>18.2pt</Height>
              <TableCells>
                <TableCell>
                  <ReportItems>
                    <Textbox Name="Textbox1">
                      <Value>txtfrdatetodate</Value>
                      <Style xmlns="http://schemas.microsoft.com/sqlserver/reporting/2005/01/reportdefinition">
                        <TextAlign>Left</TextAlign>
                        <BorderStyle>
                          <Default>None</Default>
                          <Left>None</Left>
                          <Right>None</Right>
                          <Top>None</Top>
                          <Bottom>None</Bottom>
                        </BorderStyle>
                        <FontWeight>Normal</FontWeight>
                        <BorderColor />
                        <BorderWidth />
                        <PaddingLeft>10pt</PaddingLeft>
                        <FontSize>9pt</FontSize>
                        <VerticalAlign>Bottom</VerticalAlign>
                        <PaddingBottom>2pt</PaddingBottom>
                      </Style>
                      <CanGrow>true</CanGrow>
                    </Textbox>
                  </ReportItems>
                  <ColSpan>12</ColSpan>
                </TableCell>
              </TableCells>
            </TableRow>
            <TableRow>
              <Height>23.1pt</Height>
              <TableCells>
                <TableCell>
                  <ReportItems>
                    <Textbox Name="Textbox2">
                      <Value>Showing Dates</Value>
                      <Style>
                        <TextAlign>Center</TextAlign>
                        <BorderStyle>
                          <Default>Solid</Default>
                        </BorderStyle>
                        <FontWeight>Bold</FontWeight>
                        <BorderColor>
                          <Default>Lightgrey</Default>
                          <Left>Lightgrey</Left>
                          <Right>Lightgrey</Right>
                          <Top>Lightgrey</Top>
                          <Bottom>Lightgrey</Bottom>
                        </BorderColor>
                        <BorderWidth />
                        <VerticalAlign>Middle</VerticalAlign>
                        <FontSize>8pt</FontSize>
                      </Style>
                      <CanGrow>true</CanGrow>
                    </Textbox>
                  </ReportItems>
                </TableCell>
                <TableCell>
                  <ReportItems>
                    <Textbox Name="Textbox3">
                      <Value>Cinema1</Value>
                      <Style>
                        <TextAlign>Center</TextAlign>
                        <BorderStyle>
                          <Default>Solid</Default>
                        </BorderStyle>
                        <FontWeight>Bold</FontWeight>
                        <VerticalAlign>Middle</VerticalAlign>
                        <BorderColor>
                          <Default>Lightgrey</Default>
                          <Left>Lightgrey</Left>
                          <Right>Lightgrey</Right>
                          <Top>Lightgrey</Top>
                          <Bottom>Lightgrey</Bottom>
                        </BorderColor>
                        <BorderWidth />
                        <FontSize>8pt</FontSize>
                      </Style>
                      <CanGrow>true</CanGrow>
                    </Textbox>
                  </ReportItems>
                </TableCell>
                <TableCell>
                  <ReportItems>
                    <Textbox Name="Textbox4">
                      <Value>Cinema2</Value>
                      <Style>
                        <TextAlign>Center</TextAlign>
                        <BorderStyle>
                          <Default>Solid</Default>
                        </BorderStyle>
                        <FontWeight>Bold</FontWeight>
                        <VerticalAlign>Middle</VerticalAlign>
                        <BorderColor>
                          <Default>Lightgrey</Default>
                          <Left>Lightgrey</Left>
                          <Right>Lightgrey</Right>
                          <Top>Lightgrey</Top>
                          <Bottom>Lightgrey</Bottom>
                        </BorderColor>
                        <BorderWidth />
                        <FontSize>8pt</FontSize>
                      </Style>
                      <CanGrow>true</CanGrow>
                    </Textbox>
                  </ReportItems>
                </TableCell>
                <TableCell>
                  <ReportItems>
                    <Textbox Name="Textbox5">
                      <Value>Cinema3</Value>
                      <Style>
                        <TextAlign>Center</TextAlign>
                        <BorderStyle>
                          <Default>Solid</Default>
                        </BorderStyle>
                        <FontWeight>Bold</FontWeight>
                        <VerticalAlign>Middle</VerticalAlign>
                        <BorderColor>
                          <Default>Lightgrey</Default>
                          <Left>Lightgrey</Left>
                          <Right>Lightgrey</Right>
                          <Top>Lightgrey</Top>
                          <Bottom>Lightgrey</Bottom>
                        </BorderColor>
                        <BorderWidth />
                        <FontSize>8pt</FontSize>
                      </Style>
                      <CanGrow>true</CanGrow>
                    </Textbox>
                  </ReportItems>
                </TableCell>
                <TableCell>
                  <ReportItems>
                    <Textbox Name="Textbox6">
                      <Value>Cinema6</Value>
                      <Style>
                        <TextAlign>Center</TextAlign>
                        <BorderStyle>
                          <Default>Solid</Default>
                        </BorderStyle>
                        <FontWeight>Bold</FontWeight>
                        <VerticalAlign>Middle</VerticalAlign>
                        <BorderColor>
                          <Default>Lightgrey</Default>
                          <Left>Lightgrey</Left>
                          <Right>Lightgrey</Right>
                          <Top>Lightgrey</Top>
                          <Bottom>Lightgrey</Bottom>
                        </BorderColor>
                        <BorderWidth />
                        <FontSize>8pt</FontSize>
                      </Style>
                      <CanGrow>true</CanGrow>
                    </Textbox>
                  </ReportItems>
                </TableCell>
                <TableCell>
                  <ReportItems>
                    <Textbox Name="Textbox13">
                      <Value>Cinema7</Value>
                      <Style xmlns="http://schemas.microsoft.com/sqlserver/reporting/2005/01/reportdefinition">
                        <TextAlign>Center</TextAlign>
                        <BorderStyle>
                          <Default>Solid</Default>
                        </BorderStyle>
                        <FontWeight>Bold</FontWeight>
                        <VerticalAlign>Middle</VerticalAlign>
                        <BorderColor>
                          <Default>Lightgrey</Default>
                          <Left>Lightgrey</Left>
                          <Right>Lightgrey</Right>
                          <Top>Lightgrey</Top>
                          <Bottom>Lightgrey</Bottom>
                        </BorderColor>
                        <BorderWidth />
                        <FontSize>8pt</FontSize>
                      </Style>
                    </Textbox>
                  </ReportItems>
                </TableCell>
                <TableCell>
                  <ReportItems>
                    <Textbox Name="Textbox17">
                      <Value>Cinema8</Value>
                      <Style xmlns="http://schemas.microsoft.com/sqlserver/reporting/2005/01/reportdefinition">
                        <TextAlign>Center</TextAlign>
                        <BorderStyle>
                          <Default>Solid</Default>
                        </BorderStyle>
                        <FontWeight>Bold</FontWeight>
                        <VerticalAlign>Middle</VerticalAlign>
                        <BorderColor>
                          <Default>Lightgrey</Default>
                          <Left>Lightgrey</Left>
                          <Right>Lightgrey</Right>
                          <Top>Lightgrey</Top>
                          <Bottom>Lightgrey</Bottom>
                        </BorderColor>
                        <BorderWidth />
                        <FontSize>8pt</FontSize>
                      </Style>
                    </Textbox>
                  </ReportItems>
                </TableCell>
                <TableCell>
                  <ReportItems>
                    <Textbox Name="Textbox20">
                      <Value>Cinema9</Value>
                      <Style xmlns="http://schemas.microsoft.com/sqlserver/reporting/2005/01/reportdefinition">
                        <TextAlign>Center</TextAlign>
                        <BorderStyle>
                          <Default>Solid</Default>
                        </BorderStyle>
                        <FontWeight>Bold</FontWeight>
                        <VerticalAlign>Middle</VerticalAlign>
                        <BorderColor>
                          <Default>Lightgrey</Default>
                          <Left>Lightgrey</Left>
                          <Right>Lightgrey</Right>
                          <Top>Lightgrey</Top>
                          <Bottom>Lightgrey</Bottom>
                        </BorderColor>
                        <BorderWidth />
                        <FontSize>8pt</FontSize>
                      </Style>
                    </Textbox>
                  </ReportItems>
                </TableCell>
                <TableCell>
                  <ReportItems>
                    <Textbox Name="Textbox10">
                      <Value>Cinema10</Value>
                      <Style xmlns="http://schemas.microsoft.com/sqlserver/reporting/2005/01/reportdefinition">
                        <TextAlign>Center</TextAlign>
                        <BorderStyle>
                          <Default>Solid</Default>
                        </BorderStyle>
                        <FontWeight>Bold</FontWeight>
                        <VerticalAlign>Middle</VerticalAlign>
                        <BorderColor>
                          <Default>Lightgrey</Default>
                          <Left>Lightgrey</Left>
                          <Right>Lightgrey</Right>
                          <Top>Lightgrey</Top>
                          <Bottom>Lightgrey</Bottom>
                        </BorderColor>
                        <BorderWidth />
                        <FontSize>8pt</FontSize>
                      </Style>
                    </Textbox>
                  </ReportItems>
                </TableCell>
                <TableCell >
                  <ReportItems>
                    <Textbox Name="Textbox65">
                      <Value>Cinema11</Value>
                      <Style xmlns="http://schemas.microsoft.com/sqlserver/reporting/2005/01/reportdefinition">
                        <TextAlign>Center</TextAlign>
                        <BorderStyle>
                          <Default>Solid</Default>
                        </BorderStyle>
                        <FontWeight>Bold</FontWeight>
                        <VerticalAlign>Middle</VerticalAlign>
                        <BorderColor>
                          <Default>Lightgrey</Default>
                          <Left>Lightgrey</Left>
                          <Right>Lightgrey</Right>
                          <Top>Lightgrey</Top>
                          <Bottom>Lightgrey</Bottom>
                        </BorderColor>
                        <BorderWidth />
                        <FontSize>8pt</FontSize>
                      </Style>
                    </Textbox>
                  </ReportItems>
                </TableCell>
                <TableCell >
                  <ReportItems>
                    <Textbox Name="Textbox72">
                      <Value>Cinema12</Value>
                      <Style xmlns="http://schemas.microsoft.com/sqlserver/reporting/2005/01/reportdefinition">
                        <TextAlign>Center</TextAlign>
                        <BorderStyle>
                          <Default>Solid</Default>
                        </BorderStyle>
                        <FontWeight>Bold</FontWeight>
                        <VerticalAlign>Middle</VerticalAlign>
                        <BorderColor>
                          <Default>Lightgrey</Default>
                          <Left>Lightgrey</Left>
                          <Right>Lightgrey</Right>
                          <Top>Lightgrey</Top>
                          <Bottom>Lightgrey</Bottom>
                        </BorderColor>
                        <BorderWidth />
                        <FontSize>8pt</FontSize>
                      </Style>
                      <HideDuplicates>
                      </HideDuplicates>
                    </Textbox>
                  </ReportItems>
                </TableCell>
                <TableCell>
                  <ReportItems>
                    <Textbox Name="Textbox7">
                      <Value>Total Gross</Value>
                      <Style>
                        <TextAlign>Center</TextAlign>
                        <BorderStyle>
                          <Default>Solid</Default>
                        </BorderStyle>
                        <FontWeight>Bold</FontWeight>
                        <VerticalAlign>Middle</VerticalAlign>
                        <BorderColor>
                          <Default>Lightgrey</Default>
                          <Left>Lightgrey</Left>
                          <Right>Lightgrey</Right>
                          <Top>Lightgrey</Top>
                          <Bottom>Lightgrey</Bottom>
                        </BorderColor>
                        <BorderWidth />
                        <FontSize>8pt</FontSize>
                      </Style>
                      <CanGrow>true</CanGrow>
                    </Textbox>
                  </ReportItems>
                </TableCell>
              </TableCells>
            </TableRow>
          </TableRows>
          <RepeatOnNewPage>true</RepeatOnNewPage>
        </Header>
        <Details>
          <TableRows>
            <TableRow>
              <Height>14.6pt</Height>
              <TableCells>
                <TableCell>
                  <ReportItems>
                    <Textbox Name="Report_Date">
                      <Value>=Fields!Report_Date.Value</Value>
                      <CanGrow>true</CanGrow>
                      <Style>
                        <BorderStyle>
                          <Default>None</Default>
                          <Left>None</Left>
                          <Right>None</Right>
                          <Top>None</Top>
                          <Bottom>None</Bottom>
                        </BorderStyle>
                        <PaddingLeft>0pt</PaddingLeft>
                        <BorderColor />
                        <BorderWidth />
                        <TextAlign>Center</TextAlign>
                        <VerticalAlign>Middle</VerticalAlign>
                        <Format>MM/dd/yyyy</Format>
                        <FontSize>8pt</FontSize>
                        <FontStyle>Normal</FontStyle>
                        <FontFamily>Arial Narrow</FontFamily>
                      </Style>
                    </Textbox>
                  </ReportItems>
                </TableCell>
                <TableCell>
                  <ReportItems>
                    <Textbox Name="Cinema1">
                      <Value>=Fields!Cinema1.Value</Value>
                      <CanGrow>true</CanGrow>
                      <Style>
                        <BorderStyle>
                          <Default>None</Default>
                          <Left>None</Left>
                          <Right>None</Right>
                          <Top>None</Top>
                          <Bottom>None</Bottom>
                        </BorderStyle>
                        <PaddingRight>0pt</PaddingRight>
                        <TextAlign>Right</TextAlign>
                        <VerticalAlign>Middle</VerticalAlign>
                        <BorderColor />
                        <BorderWidth />
                        <Format>#,##0.00</Format>
                        <FontSize>8pt</FontSize>
                        <PaddingLeft>0pt</PaddingLeft>
                        <FontFamily >Arial Narrow</FontFamily>
                      </Style>
                    </Textbox>
                  </ReportItems>
                </TableCell>
                <TableCell>
                  <ReportItems>
                    <Textbox Name="Cinema2">
                      <Value>=Fields!Cinema2.Value</Value>
                      <CanGrow>true</CanGrow>
                      <Style>
                        <BorderStyle>
                          <Default>None</Default>
                          <Left>None</Left>
                          <Right>None</Right>
                          <Top>None</Top>
                          <Bottom>None</Bottom>
                        </BorderStyle>
                        <PaddingRight>0pt</PaddingRight>
                        <TextAlign>Right</TextAlign>
                        <VerticalAlign>Middle</VerticalAlign>
                        <BorderColor />
                        <BorderWidth />
                        <Format>#,##0.00</Format>
                        <FontSize>8pt</FontSize>
                        <PaddingLeft>0pt</PaddingLeft>
                        <FontFamily >Arial Narrow</FontFamily>
                      </Style>
                    </Textbox>
                  </ReportItems>
                </TableCell>
                <TableCell>
                  <ReportItems>
                    <Textbox Name="Cinema3">
                      <Value>=Fields!Cinema3.Value</Value>
                      <CanGrow>true</CanGrow>
                      <Style>
                        <BorderStyle>
                          <Default>None</Default>
                          <Left>None</Left>
                          <Right>None</Right>
                          <Top>None</Top>
                          <Bottom>None</Bottom>
                        </BorderStyle>
                        <PaddingRight>0pt</PaddingRight>
                        <TextAlign>Right</TextAlign>
                        <VerticalAlign>Middle</VerticalAlign>
                        <BorderColor />
                        <BorderWidth />
                        <Format>#,##0.00</Format>
                        <FontSize>8pt</FontSize>
                        <PaddingLeft>0pt</PaddingLeft>
                        <FontFamily >Arial Narrow</FontFamily>
                      </Style>
                    </Textbox>
                  </ReportItems>
                </TableCell>
                <TableCell>
                  <ReportItems>
                    <Textbox Name="Cinema4">
                      <Value>=Fields!Cinema6.Value</Value>
                      <CanGrow>true</CanGrow>
                      <Style>
                        <BorderStyle>
                          <Default>None</Default>
                          <Left>None</Left>
                          <Right>None</Right>
                          <Top>None</Top>
                          <Bottom>None</Bottom>
                        </BorderStyle>
                        <PaddingRight>0pt</PaddingRight>
                        <TextAlign>Right</TextAlign>
                        <VerticalAlign>Middle</VerticalAlign>
                        <BorderColor />
                        <BorderWidth />
                        <Format>#,##0.00</Format>
                        <FontSize>8pt</FontSize>
                        <PaddingLeft>0pt</PaddingLeft>
                        <FontFamily >Arial Narrow</FontFamily>
                      </Style>
                    </Textbox>
                  </ReportItems>
                </TableCell>
                <TableCell>
                  <ReportItems>
                    <Textbox Name="Textbox14">
                      <Value>=Fields!Cinema7.Value</Value>
                      <Style xmlns="http://schemas.microsoft.com/sqlserver/reporting/2005/01/reportdefinition">
                        <BorderStyle>
                          <Default>None</Default>
                          <Left>None</Left>
                          <Right>None</Right>
                          <Top>None</Top>
                          <Bottom>None</Bottom>
                        </BorderStyle>
                        <PaddingRight>0pt</PaddingRight>
                        <TextAlign>Right</TextAlign>
                        <VerticalAlign>Middle</VerticalAlign>
                        <BorderColor />
                        <BorderWidth />
                        <Format>#,##0.00</Format>
                        <FontSize>8pt</FontSize>
                        <PaddingLeft>0pt</PaddingLeft>
                        <FontFamily >Arial Narrow</FontFamily>
                      </Style>
                    </Textbox>
                  </ReportItems>
                </TableCell>
                <TableCell>
                  <ReportItems>
                    <Textbox Name="Textbox18">
                      <Value>=Fields!Cinema8.Value</Value>
                      <Style xmlns="http://schemas.microsoft.com/sqlserver/reporting/2005/01/reportdefinition">
                        <BorderStyle>
                          <Default>None</Default>
                          <Left>None</Left>
                          <Right>None</Right>
                          <Top>None</Top>
                          <Bottom>None</Bottom>
                        </BorderStyle>
                        <PaddingRight>0pt</PaddingRight>
                        <TextAlign>Right</TextAlign>
                        <VerticalAlign>Middle</VerticalAlign>
                        <BorderColor />
                        <BorderWidth />
                        <Format>#,##0.00</Format>
                        <FontSize>8pt</FontSize>
                        <PaddingLeft>0pt</PaddingLeft>
                        <FontFamily >Arial Narrow</FontFamily>
                      </Style>
                    </Textbox>
                  </ReportItems>
                </TableCell>
                <TableCell>
                  <ReportItems>
                    <Textbox Name="Textbox22">
                      <Value>=Fields!Cinema9.Value</Value>
                      <Style xmlns="http://schemas.microsoft.com/sqlserver/reporting/2005/01/reportdefinition">
                        <BorderStyle>
                          <Default>None</Default>
                          <Left>None</Left>
                          <Right>None</Right>
                          <Top>None</Top>
                          <Bottom>None</Bottom>
                        </BorderStyle>
                        <PaddingRight>0pt</PaddingRight>
                        <TextAlign>Right</TextAlign>
                        <VerticalAlign>Middle</VerticalAlign>
                        <BorderColor />
                        <BorderWidth />
                        <Format>#,##0.00</Format>
                        <FontSize>8pt</FontSize>
                        <PaddingLeft>0pt</PaddingLeft>
                        <FontFamily >Arial Narrow</FontFamily>
                      </Style>
                    </Textbox>
                  </ReportItems>
                </TableCell>
                <TableCell>
                  <ReportItems>
                    <Textbox Name="Textbox11">
                      <Value>=Fields!Cinema10.Value</Value>
                      <Style xmlns="http://schemas.microsoft.com/sqlserver/reporting/2005/01/reportdefinition">
                        <BorderStyle>
                          <Default>None</Default>
                          <Left>None</Left>
                          <Right>None</Right>
                          <Top>None</Top>
                          <Bottom>None</Bottom>
                        </BorderStyle>
                        <PaddingRight>0pt</PaddingRight>
                        <TextAlign>Right</TextAlign>
                        <VerticalAlign>Middle</VerticalAlign>
                        <BorderColor />
                        <BorderWidth />
                        <Format>#,##0.00</Format>
                        <FontSize>8pt</FontSize>
                        <PaddingLeft>0pt</PaddingLeft>
                        <FontFamily >Arial Narrow</FontFamily>
                      </Style>
                    </Textbox>
                  </ReportItems>
                </TableCell>
                <TableCell >
                  <ReportItems>
                    <Textbox Name="Textbox66">
                      <Value>=Fields!Cinema11.Value</Value>
                      <Style xmlns="http://schemas.microsoft.com/sqlserver/reporting/2005/01/reportdefinition">
                        <BorderStyle>
                          <Default>None</Default>
                          <Left>None</Left>
                          <Right>None</Right>
                          <Top>None</Top>
                          <Bottom>None</Bottom>
                        </BorderStyle>
                        <PaddingRight>0pt</PaddingRight>
                        <TextAlign>Right</TextAlign>
                        <VerticalAlign>Middle</VerticalAlign>
                        <BorderColor />
                        <BorderWidth />
                        <Format>#,##0.00</Format>
                        <FontSize>8pt</FontSize>
                        <PaddingLeft>0pt</PaddingLeft>
                        <FontFamily >Arial Narrow</FontFamily>
                      </Style>
                    </Textbox>
                  </ReportItems>
                </TableCell>
                <TableCell >
                  <ReportItems>
                    <Textbox Name="Textbox73">
                      <Value>=Fields!Cinema12.Value</Value>
                      <Style xmlns="http://schemas.microsoft.com/sqlserver/reporting/2005/01/reportdefinition">
                        <BorderStyle>
                          <Default>None</Default>
                          <Left>None</Left>
                          <Right>None</Right>
                          <Top>None</Top>
                          <Bottom>None</Bottom>
                        </BorderStyle>
                        <PaddingRight>0pt</PaddingRight>
                        <TextAlign>Right</TextAlign>
                        <VerticalAlign>Middle</VerticalAlign>
                        <BorderColor />
                        <BorderWidth />
                        <Format>#,##0.00</Format>
                        <FontSize>8pt</FontSize>
                        <PaddingLeft>0pt</PaddingLeft>
                        <FontFamily >Arial Narrow</FontFamily>
                      </Style>
                    </Textbox>
                  </ReportItems>
                </TableCell>
                <TableCell>
                  <ReportItems>
                    <Textbox Name="Total_Gross">
                      <Value>=Fields!Total_Gross.Value</Value>
                      <CanGrow>false</CanGrow>
                      <Style>
                        <BorderStyle>
                          <Default>None</Default>
                          <Left>None</Left>
                          <Right>None</Right>
                          <Top>None</Top>
                          <Bottom>None</Bottom>
                        </BorderStyle>
                        <PaddingRight>0pt</PaddingRight>
                        <TextAlign>Right</TextAlign>
                        <VerticalAlign>Middle</VerticalAlign>
                        <BorderColor />
                        <BorderWidth />
                        <Format>#,##0.00</Format>
                        <FontSize>8pt</FontSize>
                        <PaddingLeft>0pt</PaddingLeft>
                        <FontFamily >Arial Narrow</FontFamily>
                      </Style>
                    </Textbox>
                  </ReportItems>
                </TableCell>
              </TableCells>
            </TableRow>
          </TableRows>
        </Details>
        <Footer>
          <TableRows>
            <TableRow>
              <Height>24.5pt</Height>
              <TableCells>
                <TableCell>
                  <ReportItems>
                    <Textbox Name="Textbox8">
                      <Value>GRAND TOTAL</Value>
                      <Style>
                        <BorderStyle>
                          <Default>None</Default>
                          <Left>None</Left>
                          <Right>None</Right>
                          <Top>Solid</Top>
                          <Bottom>Solid</Bottom>
                        </BorderStyle>
                        <TextAlign>Center</TextAlign>
                        <VerticalAlign>Middle</VerticalAlign>
                        <BorderColor>
                          <Top>Lightgrey</Top>
                          <Bottom>Lightgrey</Bottom>
                        </BorderColor>
                        <BorderWidth />
                        <Format>None</Format>
                        <FontWeight>Bolder</FontWeight>
                        <FontSize>8pt</FontSize>
                        <FontFamily >Arial Narrow</FontFamily>
                      </Style>
                      <CanGrow>true</CanGrow>
                    </Textbox>
                  </ReportItems>
                </TableCell>
                <TableCell>
                  <ReportItems>
                    <Textbox Name="tf_Cinema1">
                      <Value>=Sum(Fields!Cinema1.Value)</Value>
                      <CanGrow>true</CanGrow>
                      <Style>
                        <BorderStyle>
                          <Default>None</Default>
                          <Left>None</Left>
                          <Right>None</Right>
                          <Top>Solid</Top>
                          <Bottom>Solid</Bottom>
                        </BorderStyle>
                        <PaddingRight>0pt</PaddingRight>
                        <TextAlign>Right</TextAlign>
                        <VerticalAlign>Middle</VerticalAlign>
                        <BorderColor>
                          <Top>Lightgrey</Top>
                          <Bottom>Lightgrey</Bottom>
                        </BorderColor>
                        <BorderWidth />
                        <Format>#,##0.00</Format>
                        <FontWeight>Bold</FontWeight>
                        <FontSize>8pt</FontSize>
                        <FontFamily >Arial Narrow</FontFamily>
                      </Style>
                    </Textbox>
                  </ReportItems>
                </TableCell>
                <TableCell>
                  <ReportItems>
                    <Textbox Name="tf_Cinema2">
                      <Value>=Sum(Fields!Cinema2.Value)</Value>
                      <CanGrow>true</CanGrow>
                      <Style>
                        <BorderStyle>
                          <Default>None</Default>
                          <Left>None</Left>
                          <Right>None</Right>
                          <Top>Solid</Top>
                          <Bottom>Solid</Bottom>
                        </BorderStyle>
                        <PaddingRight>0pt</PaddingRight>
                        <TextAlign>Right</TextAlign>
                        <VerticalAlign>Middle</VerticalAlign>
                        <BorderColor>
                          <Top>Lightgrey</Top>
                          <Bottom>Lightgrey</Bottom>
                        </BorderColor>
                        <BorderWidth />
                        <Format>#,##0.00</Format>
                        <FontWeight>Bold</FontWeight>
                        <FontSize>8pt</FontSize>
                        <FontFamily >Arial Narrow</FontFamily>
                      </Style>
                    </Textbox>
                  </ReportItems>
                </TableCell>
                <TableCell>
                  <ReportItems>
                    <Textbox Name="tf_Cinema3">
                      <Value>=Sum(Fields!Cinema3.Value)</Value>
                      <CanGrow>true</CanGrow>
                      <Style>
                        <BorderStyle>
                          <Default>None</Default>
                          <Left>None</Left>
                          <Right>None</Right>
                          <Top>Solid</Top>
                          <Bottom>Solid</Bottom>
                        </BorderStyle>
                        <PaddingRight>0pt</PaddingRight>
                        <TextAlign>Right</TextAlign>
                        <VerticalAlign>Middle</VerticalAlign>
                        <BorderColor>
                          <Top>Lightgrey</Top>
                          <Bottom>Lightgrey</Bottom>
                        </BorderColor>
                        <BorderWidth />
                        <Format>#,##0.00</Format>
                        <FontWeight>Bold</FontWeight>
                        <FontSize>8pt</FontSize>
                        <FontFamily >Arial Narrow</FontFamily>
                      </Style>
                    </Textbox>
                  </ReportItems>
                </TableCell>
                <TableCell>
                  <ReportItems>
                    <Textbox Name="tf_Cinema4">
                      <Value>=Sum(Fields!Cinema6.Value)</Value>
                      <CanGrow>true</CanGrow>
                      <Style>
                        <BorderStyle>
                          <Default>None</Default>
                          <Left>None</Left>
                          <Right>None</Right>
                          <Top>Solid</Top>
                          <Bottom>Solid</Bottom>
                        </BorderStyle>
                        <PaddingRight>0pt</PaddingRight>
                        <TextAlign>Right</TextAlign>
                        <VerticalAlign>Middle</VerticalAlign>
                        <BorderColor>
                          <Top>Lightgrey</Top>
                          <Bottom>Lightgrey</Bottom>
                        </BorderColor>
                        <BorderWidth />
                        <Format>#,##0.00</Format>
                        <FontWeight>Bold</FontWeight>
                        <FontSize>8pt</FontSize>
                        <FontFamily >Arial Narrow</FontFamily>
                      </Style>
                    </Textbox>
                  </ReportItems>
                </TableCell>
                <TableCell>
                  <ReportItems>
                    <Textbox Name="Textbox16">
                      <Value>=Sum(Fields!Cinema7.Value)</Value>
                      <Style xmlns="http://schemas.microsoft.com/sqlserver/reporting/2005/01/reportdefinition">
                        <BorderStyle>
                          <Default>None</Default>
                          <Left>None</Left>
                          <Right>None</Right>
                          <Top>Solid</Top>
                          <Bottom>Solid</Bottom>
                        </BorderStyle>
                        <PaddingRight>0pt</PaddingRight>
                        <TextAlign>Right</TextAlign>
                        <VerticalAlign>Middle</VerticalAlign>
                        <BorderColor>
                          <Top>Lightgrey</Top>
                          <Bottom>Lightgrey</Bottom>
                        </BorderColor>
                        <BorderWidth />
                        <Format>#,##0.00</Format>
                        <FontWeight>Bold</FontWeight>
                        <FontSize>8pt</FontSize>
                        <FontFamily >Arial Narrow</FontFamily>
                      </Style>
                    </Textbox>
                  </ReportItems>
                </TableCell>
                <TableCell>
                  <ReportItems>
                    <Textbox Name="Textbox19">
                      <Value>=Sum(Fields!Cinema8.Value)</Value>
                      <Style xmlns="http://schemas.microsoft.com/sqlserver/reporting/2005/01/reportdefinition">
                        <BorderStyle>
                          <Default>None</Default>
                          <Left>None</Left>
                          <Right>None</Right>
                          <Top>Solid</Top>
                          <Bottom>Solid</Bottom>
                        </BorderStyle>
                        <PaddingRight>0pt</PaddingRight>
                        <TextAlign>Right</TextAlign>
                        <VerticalAlign>Middle</VerticalAlign>
                        <BorderColor>
                          <Top>Lightgrey</Top>
                          <Bottom>Lightgrey</Bottom>
                        </BorderColor>
                        <BorderWidth />
                        <Format>#,##0.00</Format>
                        <FontWeight>Bold</FontWeight>
                        <FontSize>8pt</FontSize>
                        <FontFamily >Arial Narrow</FontFamily>
                      </Style>
                    </Textbox>
                  </ReportItems>
                </TableCell>
                <TableCell>
                  <ReportItems>
                    <Textbox Name="Textbox23">
                      <Value>=Sum(Fields!Cinema9.Value)</Value>
                      <Style xmlns="http://schemas.microsoft.com/sqlserver/reporting/2005/01/reportdefinition">
                        <BorderStyle>
                          <Default>None</Default>
                          <Left>None</Left>
                          <Right>None</Right>
                          <Top>Solid</Top>
                          <Bottom>Solid</Bottom>
                        </BorderStyle>
                        <PaddingRight>0pt</PaddingRight>
                        <TextAlign>Right</TextAlign>
                        <VerticalAlign>Middle</VerticalAlign>
                        <BorderColor>
                          <Top>Lightgrey</Top>
                          <Bottom>Lightgrey</Bottom>
                        </BorderColor>
                        <BorderWidth />
                        <Format>#,##0.00</Format>
                        <FontWeight>Bold</FontWeight>
                        <FontSize>8pt</FontSize>
                        <FontFamily >Arial Narrow</FontFamily>
                      </Style>
                    </Textbox>
                  </ReportItems>
                </TableCell>
                <TableCell>
                  <ReportItems>
                    <Textbox Name="Textbox12">
                      <Value>=Sum(Fields!Cinema10.Value)</Value>
                      <Style xmlns="http://schemas.microsoft.com/sqlserver/reporting/2005/01/reportdefinition">
                        <BorderStyle>
                          <Default>None</Default>
                          <Left>None</Left>
                          <Right>None</Right>
                          <Top>Solid</Top>
                          <Bottom>Solid</Bottom>
                        </BorderStyle>
                        <PaddingRight>0pt</PaddingRight>
                        <TextAlign>Right</TextAlign>
                        <VerticalAlign>Middle</VerticalAlign>
                        <BorderColor>
                          <Top>Lightgrey</Top>
                          <Bottom>Lightgrey</Bottom>
                        </BorderColor>
                        <BorderWidth />
                        <Format>#,##0.00</Format>
                        <FontWeight>Bold</FontWeight>
                        <FontSize>8pt</FontSize>
                        <FontFamily >Arial Narrow</FontFamily>
                      </Style>
                    </Textbox>
                  </ReportItems>
                </TableCell>
                <TableCell >
                  <ReportItems>
                    <Textbox Name="Textbox67">
                      <Value>=Sum(Fields!Cinema11.Value)</Value>
                      <Style xmlns="http://schemas.microsoft.com/sqlserver/reporting/2005/01/reportdefinition">
                        <BorderStyle>
                          <Default>None</Default>
                          <Left>None</Left>
                          <Right>None</Right>
                          <Top>Solid</Top>
                          <Bottom>Solid</Bottom>
                        </BorderStyle>
                        <PaddingRight>0pt</PaddingRight>
                        <TextAlign>Right</TextAlign>
                        <VerticalAlign>Middle</VerticalAlign>
                        <BorderColor>
                          <Top>Lightgrey</Top>
                          <Bottom>Lightgrey</Bottom>
                        </BorderColor>
                        <BorderWidth />
                        <Format>#,##0.00</Format>
                        <FontWeight>Bold</FontWeight>
                        <FontSize>8pt</FontSize>
                        <FontFamily >Arial Narrow</FontFamily>
                      </Style>
                    </Textbox>
                  </ReportItems>
                </TableCell>
                <TableCell >
                  <ReportItems>
                    <Textbox Name="Textbox74">
                      <Value>=Sum(Fields!Cinema12.Value)</Value>
                      <Style xmlns="http://schemas.microsoft.com/sqlserver/reporting/2005/01/reportdefinition">
                        <BorderStyle>
                          <Default>None</Default>
                          <Left>None</Left>
                          <Right>None</Right>
                          <Top>Solid</Top>
                          <Bottom>Solid</Bottom>
                        </BorderStyle>
                        <PaddingRight>0pt</PaddingRight>
                        <TextAlign>Right</TextAlign>
                        <VerticalAlign>Middle</VerticalAlign>
                        <BorderColor>
                          <Top>Lightgrey</Top>
                          <Bottom>Lightgrey</Bottom>
                        </BorderColor>
                        <BorderWidth />
                        <Format>#,##0.00</Format>
                        <FontWeight>Bold</FontWeight>
                        <FontSize>8pt</FontSize>
                        <FontFamily >Arial Narrow</FontFamily>
                      </Style>
                    </Textbox>
                  </ReportItems>
                </TableCell>
                <TableCell>
                  <ReportItems>
                    <Textbox Name="tf_Total_Gross">
                      <Value>=Sum(Fields!Total_Gross.Value)</Value>
                      <CanGrow>true</CanGrow>
                      <Style>
                        <BorderStyle>
                          <Default>None</Default>
                          <Left>None</Left>
                          <Right>None</Right>
                          <Top>Solid</Top>
                          <Bottom>Solid</Bottom>
                        </BorderStyle>
                        <PaddingRight>0pt</PaddingRight>
                        <TextAlign>Right</TextAlign>
                        <VerticalAlign>Middle</VerticalAlign>
                        <BorderColor>
                          <Top>Lightgrey</Top>
                          <Bottom>Lightgrey</Bottom>
                        </BorderColor>
                        <BorderWidth />
                        <Format>#,##0.00</Format>
                        <FontWeight>Bold</FontWeight>
                        <FontSize>8pt</FontSize>
                        <FontFamily >Arial Narrow</FontFamily>
                      </Style>
                    </Textbox>
                  </ReportItems>
                </TableCell>
              </TableCells>
            </TableRow>
          </TableRows>
        </Footer>
        <Left>1.6pt</Left>
        <Top>4.8pt</Top>
      </Table>
      <Line Name="Line1">
        <Height>-0.05pt</Height>
        <Width>-548.91pt</Width>
        <Style>
          <BorderStyle>
            <Default>Solid</Default>
          </BorderStyle>
          <BorderColor>
            <Default>Lightgrey</Default>
          </BorderColor>
          <BorderWidth />
        </Style>
        <Left>556.4pt</Left>
        <Top>32.4pt</Top>
      </Line>
    </ReportItems>
    <Height>149.5pt</Height>
  </Body>
  <PageFooter>
    <Height>14pt</Height>
    <ReportItems>
      <Textbox Name="Textbox9">
        <Top>1pt</Top>
        <Left>10pt</Left>
        <Height>12pt</Height>
        <Width>3in</Width>
        <Value>=Globals!PageNumber + ' of ' + Globals!TotalPages</Value>
        <Style>
          <FontSize>10pt</FontSize>
          <FontWeight>Normal</FontWeight>
        </Style>
      </Textbox>
    </ReportItems>
    <PrintOnFirstPage>true</PrintOnFirstPage>
    <PrintOnLastPage>true</PrintOnLastPage>
  </PageFooter>
</Report>