<?xml version="1.0" encoding="UTF-8"?>
<Report xmlns="http://schemas.microsoft.com/sqlserver/reporting/2005/01/reportdefinition" xmlns:rd="http://schemas.microsoft.com/SQLServer/reporting/reportdesigner">
  <Description>
  </Description>
  <Author>rogelio betito</Author>
  <PageHeight>11in</PageHeight>
  <PageWidth>8.5in</PageWidth>
  <DataSources>
    <DataSource Name="DS1">
      <ConnectionProperties>
        <DataProvider>ODBC</DataProvider>
        <ConnectString></ConnectString>
      </ConnectionProperties>
    </DataSource>
  </DataSources>
  <Width>8.5in</Width>
  <TopMargin>.25in</TopMargin>
  <LeftMargin>.25in</LeftMargin>
  <RightMargin>.25in</RightMargin>
  <BottomMargin>.25in</BottomMargin>
  <DataSets>
    <DataSet Name="Data">
      <Query>
        <DataSourceName>DS1</DataSourceName>
        <CommandText></CommandText>
      </Query>
      <Fields>
        <Field Name="movie_date">
          <DataField>movie_date</DataField>
          <rd:TypeName>System.DateTime</rd:TypeName>
        </Field>
        <Field Name="sales">
          <DataField>sales</DataField>
          <rd:TypeName>System.Double</rd:TypeName>
        </Field>
        <Field Name="taken_seats">
          <DataField>taken_seats</DataField>
          <rd:TypeName>System.Int64</rd:TypeName>
        </Field>
        <Field Name="total_seats">
          <DataField>total_seats</DataField>
          <rd:TypeName>System.Decimal</rd:TypeName>
        </Field>
        <Field Name="occupancy">
          <DataField>occupancy</DataField>
          <rd:TypeName>System.Decimal</rd:TypeName>
        </Field>
        <Field Name="system_value">
          <DataField>system_value</DataField>
          <rd:TypeName>System.String</rd:TypeName>
        </Field>
        <Field Name="report_name">
          <DataField>report_name</DataField>
          <rd:TypeName>System.String</rd:TypeName>
        </Field>
      </Fields>
    </DataSet>
  </DataSets>
  <PageHeader>
    <Height>5.2pt</Height>
    <PrintOnFirstPage>true</PrintOnFirstPage>
    <PrintOnLastPage>true</PrintOnLastPage>
  </PageHeader>
  <Body>
    <Height>117.1pt</Height>
    <ReportItems>
      <Table Name="Table1">
        <DataSetName>Data</DataSetName>
        <NoRows>Query returned no rows!</NoRows>
        <Style>
          <BorderStyle>
            <Default>Solid</Default>
          </BorderStyle>
          <BorderColor />
          <BorderWidth />
        </Style>
        <TableColumns>
          <TableColumn>
            <Width>1in</Width>
          </TableColumn>
          <TableColumn>
            <Width>89.2pt</Width>
          </TableColumn>
          <TableColumn>
            <Width>99.7pt</Width>
          </TableColumn>
          <TableColumn>
            <Width>103.6pt</Width>
          </TableColumn>
          <TableColumn>
            <Width>73.7pt</Width>
          </TableColumn>
        </TableColumns>
        <Header>
          <TableRows>
            <TableRow>
              <Height>22.4pt</Height>
              <TableCells>
                <TableCell>
                  <ReportItems>
                    <Textbox Name="Textbox47">
                      <Value>=Fields!system_value.Value</Value>
                      <Style xmlns="http://schemas.microsoft.com/sqlserver/reporting/2005/01/reportdefinition">
                        <TextAlign>Left</TextAlign>
                        <BorderStyle>
                          <Default>None</Default>
                          <Left>None</Left>
                          <Right>None</Right>
                          <Top>None</Top>
                          <Bottom>None</Bottom>
                        </BorderStyle>
                        <FontWeight>Bold</FontWeight>
                        <BorderColor>
                          <Default>Lightgrey</Default>
                          <Left>Lightgrey</Left>
                          <Right>Lightgrey</Right>
                          <Top>Lightgrey</Top>
                          <Bottom>Lightgrey</Bottom>
                        </BorderColor>
                        <BorderWidth />
                        <FontSize>10pt</FontSize>
                        <VerticalAlign>Bottom</VerticalAlign>
                        <PaddingLeft>10pt</PaddingLeft>
                      </Style>
                    </Textbox>
                  </ReportItems>
                  <ColSpan>5</ColSpan>
                </TableCell>
              </TableCells>
            </TableRow>
            <TableRow>
              <Height>13.5pt</Height>
              <TableCells>
                <TableCell>
                  <ReportItems>
                    <Textbox Name="Textbox36">
                      <Value>=Fields!report_name.Value</Value>
                      <Style xmlns="http://schemas.microsoft.com/sqlserver/reporting/2005/01/reportdefinition">
                        <TextAlign>Left</TextAlign>
                        <BorderStyle>
                          <Default>None</Default>
                          <Left>None</Left>
                          <Right>None</Right>
                          <Top>None</Top>
                          <Bottom>None</Bottom>
                        </BorderStyle>
                        <FontWeight>Bold</FontWeight>
                        <BorderColor>
                          <Default>Lightgrey</Default>
                          <Left>Lightgrey</Left>
                          <Right>Lightgrey</Right>
                          <Top>Lightgrey</Top>
                          <Bottom>Lightgrey</Bottom>
                        </BorderColor>
                        <BorderWidth />
                        <FontSize>9pt</FontSize>
                        <VerticalAlign>Middle</VerticalAlign>
                        <PaddingLeft>10pt</PaddingLeft>
                      </Style>
                    </Textbox>
                  </ReportItems>
                  <ColSpan>5</ColSpan>
                </TableCell>
              </TableCells>
            </TableRow>
            <TableRow>
              <Height>11.9pt</Height>
              <TableCells>
                <TableCell>
                  <ReportItems>
                    <Textbox Name="Textbox15">
                      <Value>
                      </Value>
                      <Style xmlns="http://schemas.microsoft.com/sqlserver/reporting/2005/01/reportdefinition">
                        <TextAlign>Left</TextAlign>
                        <BorderStyle>
                          <Default>None</Default>
                          <Left>None</Left>
                          <Right>None</Right>
                          <Top>None</Top>
                          <Bottom>None</Bottom>
                        </BorderStyle>
                        <FontWeight>Normal</FontWeight>
                        <BorderColor>
                          <Default>Lightgrey</Default>
                          <Left>Lightgrey</Left>
                          <Right>Lightgrey</Right>
                          <Top>Lightgrey</Top>
                          <Bottom>Lightgrey</Bottom>
                        </BorderColor>
                        <BorderWidth />
                        <FontSize>8pt</FontSize>
                        <VerticalAlign>Middle</VerticalAlign>
                        <PaddingLeft>10pt</PaddingLeft>
                      </Style>
                    </Textbox>
                  </ReportItems>
                  <ColSpan>5</ColSpan>
                </TableCell>
              </TableCells>
            </TableRow>
            <TableRow>
              <Height>12 pt</Height>
              <TableCells>
                <TableCell>
                  <ReportItems>
                    <Textbox Name="Textbox2">
                      <Value>Date</Value>
                      <Style>
                        <TextAlign>Center</TextAlign>
                        <BorderStyle>
                          <Default>Solid</Default>
                        </BorderStyle>
                        <FontWeight>Bold</FontWeight>
                        <BorderColor>
                          <Default>Lightgrey</Default>
                          <Left>Lightgrey</Left>
                          <Right>Lightgrey</Right>
                          <Top>Lightgrey</Top>
                          <Bottom>Lightgrey</Bottom>
                        </BorderColor>
                        <BorderWidth />
                        <FontSize>9pt</FontSize>
                        <VerticalAlign>Middle</VerticalAlign>
                      </Style>
                    </Textbox>
                  </ReportItems>
                </TableCell>
                <TableCell>
                  <ReportItems>
                    <Textbox Name="Textbox4">
                      <Value>Sales</Value>
                      <Style>
                        <TextAlign>Center</TextAlign>
                        <BorderStyle>
                          <Default>Solid</Default>
                        </BorderStyle>
                        <FontWeight>Bold</FontWeight>
                        <FontSize>9pt</FontSize>
                        <BorderColor>
                          <Default>Lightgrey</Default>
                          <Left>Lightgrey</Left>
                          <Right>Lightgrey</Right>
                          <Top>Lightgrey</Top>
                          <Bottom>Lightgrey</Bottom>
                        </BorderColor>
                        <BorderWidth />
                        <VerticalAlign>Middle</VerticalAlign>
                      </Style>
                    </Textbox>
                  </ReportItems>
                </TableCell>
                <TableCell>
                  <ReportItems>
                    <Textbox Name="Textbox5">
                      <Value>Total Seats Taken</Value>
                      <Style>
                        <TextAlign>Center</TextAlign>
                        <BorderStyle>
                          <Default>Solid</Default>
                        </BorderStyle>
                        <FontWeight>Bold</FontWeight>
                        <FontSize>9pt</FontSize>
                        <BorderColor>
                          <Default>Lightgrey</Default>
                          <Left>Lightgrey</Left>
                          <Right>Lightgrey</Right>
                          <Top>Lightgrey</Top>
                          <Bottom>Lightgrey</Bottom>
                        </BorderColor>
                        <BorderWidth />
                        <VerticalAlign>Middle</VerticalAlign>
                      </Style>
                    </Textbox>
                  </ReportItems>
                </TableCell>
                <TableCell>
                  <ReportItems>
                    <Textbox Name="Textbox6">
                      <Value>Total Seats Available</Value>
                      <Style>
                        <TextAlign>Center</TextAlign>
                        <BorderStyle>
                          <Default>Solid</Default>
                        </BorderStyle>
                        <FontWeight>Bold</FontWeight>
                        <FontSize>9pt</FontSize>
                        <BorderColor>
                          <Default>Lightgrey</Default>
                          <Left>Lightgrey</Left>
                          <Right>Lightgrey</Right>
                          <Top>Lightgrey</Top>
                          <Bottom>Lightgrey</Bottom>
                        </BorderColor>
                        <BorderWidth />
                        <VerticalAlign>Middle</VerticalAlign>
                      </Style>
                    </Textbox>
                  </ReportItems>
                </TableCell>
                <TableCell>
                  <ReportItems>
                    <Textbox Name="Textbox7">
                      <Value>Occupancy</Value>
                      <Style>
                        <TextAlign>Center</TextAlign>
                        <BorderStyle>
                          <Default>Solid</Default>
                        </BorderStyle>
                        <FontWeight>Bold</FontWeight>
                        <FontSize>9pt</FontSize>
                        <BorderColor>
                          <Default>Lightgrey</Default>
                          <Left>Lightgrey</Left>
                          <Right>Lightgrey</Right>
                          <Top>Lightgrey</Top>
                          <Bottom>Lightgrey</Bottom>
                        </BorderColor>
                        <BorderWidth />
                        <VerticalAlign>Middle</VerticalAlign>
                      </Style>
                    </Textbox>
                  </ReportItems>
                </TableCell>
              </TableCells>
              <Visibility>
                <Hidden>=RowNumber() &gt; 6</Hidden>
              </Visibility>
            </TableRow>
          </TableRows>
          <RepeatOnNewPage>true</RepeatOnNewPage>
        </Header>
        <Details>
          <TableRows>
            <TableRow>
              <Height>15.6pt</Height>
              <TableCells>
                <TableCell>
                  <ReportItems>
                    <Textbox Name="Textbox14">
                      <Value>=Fields!movie_date.Value</Value>
                      <Style xmlns="http://schemas.microsoft.com/sqlserver/reporting/2005/01/reportdefinition">
                        <BorderStyle>
                          <Default>None</Default>
                          <Left>None</Left>
                          <Right>None</Right>
                          <Top>None</Top>
                          <Bottom>None</Bottom>
                        </BorderStyle>
                        <BorderColor />
                        <BorderWidth />
                        <FontFamily>Segoe UI</FontFamily>
                        <FontWeight>Normal</FontWeight>
                        <FontSize>8pt</FontSize>
                        <TextAlign>Center</TextAlign>
                        <VerticalAlign>Middle</VerticalAlign>
                        <PaddingLeft>5pt</PaddingLeft>
                        <Format>d-MMM</Format>
                      </Style>
                    </Textbox>
                  </ReportItems>
                </TableCell>
                <TableCell>
                  <ReportItems>
                    <Textbox Name="Textbox16">
                      <Value>=Fields!sales.Value</Value>
                      <Style xmlns="http://schemas.microsoft.com/sqlserver/reporting/2005/01/reportdefinition">
                        <BorderStyle>
                          <Default>None</Default>
                          <Left>None</Left>
                          <Right>None</Right>
                          <Top>None</Top>
                          <Bottom>None</Bottom>
                        </BorderStyle>
                        <BorderColor />
                        <BorderWidth />
                        <FontFamily>Segoe UI</FontFamily>
                        <FontSize>9pt</FontSize>
                        <TextAlign>Right</TextAlign>
                        <VerticalAlign>Middle</VerticalAlign>
                        <PaddingLeft>5pt</PaddingLeft>
                        <Format>#,##0.00</Format>
                        <PaddingRight>10pt</PaddingRight>
                      </Style>
                    </Textbox>
                  </ReportItems>
                </TableCell>
                <TableCell>
                  <ReportItems>
                    <Textbox Name="Textbox17">
                      <Value>=Fields!taken_seats.Value</Value>
                      <Style xmlns="http://schemas.microsoft.com/sqlserver/reporting/2005/01/reportdefinition">
                        <BorderStyle>
                          <Default>None</Default>
                          <Left>None</Left>
                          <Right>None</Right>
                          <Top>None</Top>
                          <Bottom>None</Bottom>
                        </BorderStyle>
                        <FontFamily>Segoe UI</FontFamily>
                        <FontSize>9pt</FontSize>
                        <TextAlign>Right</TextAlign>
                        <VerticalAlign>Middle</VerticalAlign>
                        <BorderColor />
                        <BorderWidth />
                        <PaddingLeft>5pt</PaddingLeft>
                        <Format>#,##0</Format>
                        <PaddingRight>10pt</PaddingRight>
                      </Style>
                    </Textbox>
                  </ReportItems>
                </TableCell>
                <TableCell>
                  <ReportItems>
                    <Textbox Name="Textbox18">
                      <Value>=Fields!total_seats.Value</Value>
                      <Style xmlns="http://schemas.microsoft.com/sqlserver/reporting/2005/01/reportdefinition">
                        <BorderStyle>
                          <Default>None</Default>
                          <Left>None</Left>
                          <Right>None</Right>
                          <Top>None</Top>
                          <Bottom>None</Bottom>
                        </BorderStyle>
                        <FontFamily>Segoe UI</FontFamily>
                        <FontSize>9pt</FontSize>
                        <TextAlign>Right</TextAlign>
                        <VerticalAlign>Middle</VerticalAlign>
                        <BorderColor />
                        <BorderWidth />
                        <PaddingLeft>5pt</PaddingLeft>
                        <Format>#,##0</Format>
                        <PaddingRight>10pt</PaddingRight>
                      </Style>
                    </Textbox>
                  </ReportItems>
                </TableCell>
                <TableCell>
                  <ReportItems>
                    <Textbox Name="Textbox19">
                      <Value>=Fields!occupancy.Value + ' %'</Value>
                      <Style xmlns="http://schemas.microsoft.com/sqlserver/reporting/2005/01/reportdefinition">
                        <BorderStyle>
                          <Default>None</Default>
                          <Left>None</Left>
                          <Right>None</Right>
                          <Top>None</Top>
                          <Bottom>None</Bottom>
                        </BorderStyle>
                        <FontFamily>Segoe UI</FontFamily>
                        <FontSize>8pt</FontSize>
                        <TextAlign>Right</TextAlign>
                        <VerticalAlign>Middle</VerticalAlign>
                        <BorderColor />
                        <BorderWidth />
                        <PaddingLeft>5pt</PaddingLeft>
                        <Format>0.00</Format>
                        <PaddingRight>10pt</PaddingRight>
                      </Style>
                    </Textbox>
                  </ReportItems>
                </TableCell>
              </TableCells>
              <Visibility>
              </Visibility>
            </TableRow>
          </TableRows>
        </Details>
        <Left>28.7pt</Left>
        <Top>3.7pt</Top>
        <DetailDataElementOutput>NoOutput</DetailDataElementOutput>
        <Footer>
          <TableRows>
            <TableRow>
              <Height>11.3pt</Height>
              <TableCells>
                <TableCell>
                  <ReportItems>
                    <Textbox Name="Textbox1">
                      <Style>
                        <BorderStyle>
                          <Default>None</Default>
                          <Left>None</Left>
                          <Right>None</Right>
                          <Top>None</Top>
                          <Bottom>None</Bottom>
                        </BorderStyle>
                        <BorderColor />
                        <BorderWidth />
                      </Style>
                      <Value>
                      </Value>
                    </Textbox>
                  </ReportItems>
                  <ColSpan>5</ColSpan>
                </TableCell>
              </TableCells>
            </TableRow>
            <TableRow>
              <Height>11.3pt</Height>
              <TableCells>
                <TableCell>
                  <ReportItems>
                    <Textbox Name="Textbox23">
                      <Value>TOTAL</Value>
                      <Style xmlns="http://schemas.microsoft.com/sqlserver/reporting/2005/01/reportdefinition">
                        <BorderStyle>
                          <Default>None</Default>
                          <Left>None</Left>
                          <Right>None</Right>
                          <Top>None</Top>
                          <Bottom>None</Bottom>
                        </BorderStyle>
                        <BorderColor />
                        <BorderWidth />
                        <VerticalAlign>Middle</VerticalAlign>
                        <FontFamily>Segoe UI</FontFamily>
                        <FontSize>9pt</FontSize>
                        <TextAlign>Right</TextAlign>
                      </Style>
                    </Textbox>
                  </ReportItems>
                </TableCell>
                <TableCell>
                  <ReportItems>
                    <Textbox Name="Textbox24">
                      <Value>=Sum(Fields!sales.Value)</Value>
                      <Style xmlns="http://schemas.microsoft.com/sqlserver/reporting/2005/01/reportdefinition">
                        <BorderStyle>
                          <Default>None</Default>
                          <Left>None</Left>
                          <Right>None</Right>
                          <Top>None</Top>
                          <Bottom>None</Bottom>
                        </BorderStyle>
                        <BorderColor />
                        <BorderWidth />
                        <VerticalAlign>Middle</VerticalAlign>
                        <FontFamily>Segoe UI</FontFamily>
                        <FontSize>9pt</FontSize>
                        <TextAlign>Right</TextAlign>
                        <PaddingRight>10pt</PaddingRight>
                        <Format>#,##0.00</Format>
                      </Style>
                    </Textbox>
                  </ReportItems>
                </TableCell>
                <TableCell>
                  <ReportItems>
                    <Textbox Name="Textbox25">
                      <Value>=Sum(Fields!taken_seats.Value)</Value>
                      <Style xmlns="http://schemas.microsoft.com/sqlserver/reporting/2005/01/reportdefinition">
                        <BorderStyle>
                          <Default>None</Default>
                          <Left>None</Left>
                          <Right>None</Right>
                          <Top>None</Top>
                          <Bottom>None</Bottom>
                        </BorderStyle>
                        <BorderColor />
                        <BorderWidth />
                        <VerticalAlign>Middle</VerticalAlign>
                        <FontFamily>Segoe UI</FontFamily>
                        <FontSize>9pt</FontSize>
                        <TextAlign>Right</TextAlign>
                        <PaddingRight>10pt</PaddingRight>
                        <Format>#,##0</Format>
                      </Style>
                    </Textbox>
                  </ReportItems>
                </TableCell>
                <TableCell>
                  <ReportItems>
                    <Textbox Name="Textbox26">
                      <Value>=Sum(Fields!total_seats.Value)</Value>
                      <Style xmlns="http://schemas.microsoft.com/sqlserver/reporting/2005/01/reportdefinition">
                        <BorderStyle>
                          <Default>None</Default>
                          <Left>None</Left>
                          <Right>None</Right>
                          <Top>None</Top>
                          <Bottom>None</Bottom>
                        </BorderStyle>
                        <BorderColor />
                        <BorderWidth />
                        <VerticalAlign>Middle</VerticalAlign>
                        <FontFamily>Segoe UI</FontFamily>
                        <FontSize>9pt</FontSize>
                        <TextAlign>Right</TextAlign>
                        <PaddingRight>10pt</PaddingRight>
                        <Format>#,##0</Format>
                      </Style>
                    </Textbox>
                  </ReportItems>
                </TableCell>
                <TableCell>
                  <ReportItems>
                    <Textbox Name="Textbox27">
                      <Value>=Round(Sum(Fields!taken_seats.Value) / Sum(Fields!total_seats.Value) * 100,2) + ' %'</Value>
                      <Style xmlns="http://schemas.microsoft.com/sqlserver/reporting/2005/01/reportdefinition">
                        <BorderStyle>
                          <Default>None</Default>
                          <Left>None</Left>
                          <Right>None</Right>
                          <Top>None</Top>
                          <Bottom>None</Bottom>
                        </BorderStyle>
                        <BorderColor />
                        <BorderWidth />
                        <VerticalAlign>Middle</VerticalAlign>
                        <FontFamily>Segoe UI</FontFamily>
                        <FontSize>9pt</FontSize>
                        <TextAlign>Right</TextAlign>
                        <PaddingRight>10pt</PaddingRight>
                        <Format>0.00</Format>
                      </Style>
                    </Textbox>
                  </ReportItems>
                </TableCell>
              </TableCells>
            </TableRow>
            <TableRow>
              <Height>11.3pt</Height>
              <TableCells>
                <TableCell>
                  <ReportItems>
                    <Textbox Name="Textbox11">
                      <Value>AVERAGE</Value>
                      <Style xmlns="http://schemas.microsoft.com/sqlserver/reporting/2005/01/reportdefinition">
                        <BorderStyle>
                          <Default>None</Default>
                          <Left>None</Left>
                          <Right>None</Right>
                          <Top>None</Top>
                          <Bottom>None</Bottom>
                        </BorderStyle>
                        <BorderColor />
                        <BorderWidth />
                        <VerticalAlign>Middle</VerticalAlign>
                        <FontFamily>Segoe UI</FontFamily>
                        <FontSize>9pt</FontSize>
                        <TextAlign>Right</TextAlign>
                      </Style>
                    </Textbox>
                  </ReportItems>
                </TableCell>
                <TableCell>
                  <ReportItems>
                    <Textbox Name="Textbox12">
                      <Value>=Avg(Fields!sales.Value)</Value>
                      <Style xmlns="http://schemas.microsoft.com/sqlserver/reporting/2005/01/reportdefinition">
                        <BorderStyle>
                          <Default>None</Default>
                          <Left>None</Left>
                          <Right>None</Right>
                          <Top>None</Top>
                          <Bottom>None</Bottom>
                        </BorderStyle>
                        <BorderColor />
                        <BorderWidth />
                        <VerticalAlign>Middle</VerticalAlign>
                        <FontFamily>Segoe UI</FontFamily>
                        <FontSize>9pt</FontSize>
                        <TextAlign>Right</TextAlign>
                        <Format>#,##0.00</Format>
                        <PaddingRight>10pt</PaddingRight>
                      </Style>
                    </Textbox>
                  </ReportItems>
                </TableCell>
                <TableCell>
                  <ReportItems>
                    <Textbox Name="Textbox13">
                      <Value>=Avg(Fields!taken_seats.Value)</Value>
                      <Style xmlns="http://schemas.microsoft.com/sqlserver/reporting/2005/01/reportdefinition">
                        <BorderStyle>
                          <Default>None</Default>
                          <Left>None</Left>
                          <Right>None</Right>
                          <Top>None</Top>
                          <Bottom>None</Bottom>
                        </BorderStyle>
                        <BorderColor />
                        <BorderWidth />
                        <VerticalAlign>Middle</VerticalAlign>
                        <Format>#,##0</Format>
                        <FontFamily>Segoe UI</FontFamily>
                        <FontSize>9pt</FontSize>
                        <TextAlign>Right</TextAlign>
                        <PaddingRight>10pt</PaddingRight>
                      </Style>
                    </Textbox>
                  </ReportItems>
                </TableCell>
                <TableCell>
                  <ReportItems>
                    <Textbox Name="Textbox20">
                      <Value>=Avg(Fields!total_seats.Value)</Value>
                      <Style xmlns="http://schemas.microsoft.com/sqlserver/reporting/2005/01/reportdefinition">
                        <BorderStyle>
                          <Default>None</Default>
                          <Left>None</Left>
                          <Right>None</Right>
                          <Top>None</Top>
                          <Bottom>None</Bottom>
                        </BorderStyle>
                        <BorderColor />
                        <BorderWidth />
                        <VerticalAlign>Middle</VerticalAlign>
                        <Format>#,##0</Format>
                        <FontFamily>Segoe UI</FontFamily>
                        <FontSize>9pt</FontSize>
                        <TextAlign>Right</TextAlign>
                        <PaddingRight>10pt</PaddingRight>
                      </Style>
                    </Textbox>
                  </ReportItems>
                </TableCell>
                <TableCell>
                  <ReportItems>
                    <Textbox Name="Textbox22">
                      <Value>=Round(Avg(Fields!taken_seats.Value) / Avg(Fields!total_seats.Value) * 100,2) + ' %'</Value>
                      <Style xmlns="http://schemas.microsoft.com/sqlserver/reporting/2005/01/reportdefinition">
                        <BorderStyle>
                          <Default>None</Default>
                          <Left>None</Left>
                          <Right>None</Right>
                          <Top>None</Top>
                          <Bottom>None</Bottom>
                        </BorderStyle>
                        <BorderColor />
                        <BorderWidth />
                        <VerticalAlign>Middle</VerticalAlign>
                        <Format>#,##0</Format>
                        <FontFamily>Segoe UI</FontFamily>
                        <FontSize>9pt</FontSize>
                        <TextAlign>Right</TextAlign>
                        <PaddingRight>10pt</PaddingRight>
                      </Style>
                    </Textbox>
                  </ReportItems>
                </TableCell>
              </TableCells>
            </TableRow>
          </TableRows>
        </Footer>
      </Table>
    </ReportItems>
  </Body>
  <PageFooter>
    <Height>14pt</Height>
    <ReportItems>
      <Textbox Name="Textbox21">
        <Top>1pt</Top>
        <Left>10pt</Left>
        <Height>12pt</Height>
        <Width>3in</Width>
        <Value>=Globals!PageNumber + ' of ' + Globals!TotalPages</Value>
        <Style>
          <FontSize>8pt</FontSize>
          <FontWeight>Normal</FontWeight>
          <BorderStyle />
          <BorderColor />
          <BorderWidth />
        </Style>
      </Textbox>
    </ReportItems>
    <PrintOnFirstPage>true</PrintOnFirstPage>
    <PrintOnLastPage>true</PrintOnLastPage>
  </PageFooter>
</Report>